Date,Date,Open,High,Low,Close,Volume,Adj Close
2016-11-16,42690,18909.84961,18909.84961,18825.89063,18868.14063,87320000,18868.14063
2016-11-15,42689,18858.21094,18925.25977,18806.06055,18923.06055,100660000,18923.06055
2016-11-14,42688,18876.76953,18934.05078,18815.75,18868.68945,112250000,18868.68945
2016-11-11,42685,18781.65039,18855.7793,18736.96094,18847.66016,107300000,18847.66016
2016-11-10,42684,18603.14063,18873.66016,18603.14063,18807.88086,164390000,18807.88086
2016-11-09,42683,18317.25977,18650.06055,18252.55078,18589.68945,173110000,18589.68945
2016-11-08,42682,18251.38086,18400.5,18200.75,18332.74023,79820000,18332.74023
2016-11-07,42681,17994.64063,18263.30078,17994.64063,18259.59961,93450000,18259.59961
2016-11-04,42678,17928.34961,17986.75977,17883.56055,17888.2793,97760000,17888.2793
2016-11-03,42677,17978.75,18006.96094,17904.07031,17930.66992,77860000,17930.66992
2016-11-02,42676,18017.7207,18044.15039,17931.89063,17959.64063,88610000,17959.64063
2016-11-01,42675,18158.24023,18177.00977,17940.83984,18037.09961,101280000,18037.09961
2016-10-31,42674,18176.59961,18193.67969,18130.58008,18142.41992,110080000,18142.41992
2016-10-28,42671,18193.78906,18257.06055,18094.9707,18161.18945,107850000,18161.18945
2016-10-27,42670,18234.81055,18253.19922,18149.19922,18169.67969,83530000,18169.67969
2016-10-26,42669,18103.80078,18236.03906,18062.30078,18199.33008,86340000,18199.33008
2016-10-25,42668,18206.51953,18241.68945,18151.69922,18169.26953,83190000,18169.26953
2016-10-24,42667,18197.14063,18275.03906,18191.17969,18223.0293,88540000,18223.0293
2016-10-21,42664,18152.63086,18168.75977,18049.76953,18145.71094,117810000,18145.71094
2016-10-20,42663,18161.86914,18249.05078,18129.07031,18162.34961,88830000,18162.34961
2016-10-19,42662,18178.21094,18252.19922,18169.25,18202.61914,88040000,18202.61914
2016-10-18,42661,18145.06055,18225.80078,18129.44922,18161.93945,74600000,18161.93945
2016-10-17,42660,18135.84961,18162.2793,18063.01953,18086.40039,75960000,18086.40039
2016-10-14,42657,18177.34961,18261.10938,18138.38086,18138.38086,87050000,18138.38086
2016-10-13,42656,18088.32031,18137.69922,17959.94922,18098.93945,83160000,18098.93945
2016-10-12,42655,18132.63086,18193.96094,18082.08984,18144.19922,72230000,18144.19922
2016-10-11,42654,18308.42969,18312.33008,18061.96094,18128.66016,88610000,18128.66016
2016-10-10,42653,18282.94922,18399.96094,18282.94922,18329.03906,72110000,18329.03906
2016-10-07,42650,18295.34961,18319.73047,18149.34961,18240.49023,82680000,18240.49023
2016-10-06,42649,18280.41992,18288.11914,18162.9707,18268.5,78660000,18268.5
2016-10-05,42648,18205.5,18315.82031,18205.5,18281.0293,76190000,18281.0293
2016-10-04,42647,18267.67969,18313.76953,18116.25977,18168.44922,79710000,18168.44922
2016-10-03,42646,18279.59961,18279.80078,18203.75,18253.84961,68520000,18253.84961
2016-09-30,42643,18181.80078,18369.61914,18181.80078,18308.15039,135470000,18308.15039
2016-09-29,42642,18322.88086,18366.23047,18091.64063,18143.44922,95880000,18143.44922
2016-09-28,42641,18240.2207,18349.85938,18179.33984,18339.24023,97650000,18339.24023
2016-09-27,42640,18099.21094,18238.09961,18052.16016,18228.30078,84130000,18228.30078
2016-09-26,42639,18217.75977,18217.75977,18083.32031,18094.83008,95510000,18094.83008
2016-09-23,42636,18377.35938,18383.75977,18254.83984,18261.44922,87170000,18261.44922
2016-09-22,42635,18343.75977,18449.88086,18343.75977,18392.46094,73030000,18392.46094
2016-09-21,42634,18164.96094,18307.42969,18121.57031,18293.69922,94090000,18293.69922
2016-09-20,42633,18175.35938,18227.21094,18128.80078,18129.96094,72450000,18129.96094
2016-09-19,42632,18154.82031,18254.88086,18093.05078,18120.16992,78090000,18120.16992
2016-09-16,42629,18217.21094,18016.92969,18217.21094,18123.80078,278510000,18123.80078
2016-09-15,42628,18024.91016,18250.10938,18015.49023,18212.48047,99550000,18212.48047
2016-09-14,42627,18073.39063,18163.48047,17992.21094,18034.76953,103360000,18034.76953
2016-09-13,42626,18262.99023,18262.99023,18028.06055,18066.75,102830000,18066.75
2016-09-12,42625,18028.94922,18358.68945,17994.83984,18325.07031,103260000,18325.07031
2016-09-09,42622,18404.16992,18404.16992,18085.44922,18085.44922,120670000,18085.44922
2016-09-08,42621,18486.68945,18506.24023,18446.68945,18479.91016,79060000,18479.91016
2016-09-07,42620,18527.71094,18536.89063,18474.76953,18526.14063,67570000,18526.14063
2016-09-06,42619,18493.40039,18551.53906,18450.32031,18538.11914,83710000,18538.11914
2016-09-02,42615,18466.00977,18544.75977,18439.09961,18491.96094,74350000,18491.96094
2016-09-01,42614,18396.57031,18430.05078,18295.48047,18419.30078,74780000,18419.30078
2016-08-31,42613,18436.69922,18439.67969,18333.56055,18400.88086,98250000,18400.88086
2016-08-30,42612,18491.2793,18514.28906,18408.51953,18454.30078,68920000,18454.30078
2016-08-29,42611,18421.28906,18523.08984,18419.91992,18502.99023,64480000,18502.99023
2016-08-26,42608,18467.91992,18572.08984,18335.33984,18395.40039,78730000,18395.40039
2016-08-25,42607,18471.21094,18497.67969,18431.46094,18448.41016,64480000,18448.41016
2016-08-24,42606,18537.5,18539.15039,18448.26953,18481.48047,72270000,18481.48047
2016-08-23,42605,18568.93945,18631.59961,18545.51953,18547.30078,73990000,18547.30078
2016-08-22,42604,18535.85938,18570.91992,18466.85938,18529.41992,73450000,18529.41992
2016-08-19,42601,18585.16992,18585.16992,18491.24023,18552.57031,93170000,18552.57031
2016-08-18,42600,18566.53906,18600.82031,18533.28906,18597.69922,70740000,18597.69922
2016-08-17,42599,18537.08984,18582.34961,18468.67969,18573.93945,71000000,18573.93945
2016-08-16,42598,18614.48047,18614.85938,18550.65039,18552.01953,67570000,18552.01953
2016-08-15,42597,18588.58984,18722.60938,18559.92969,18636.05078,62350000,18636.05078
2016-08-12,42594,18595.65039,18606.06055,18535.85938,18576.4707,61580000,18576.4707
2016-08-11,42593,18519.08008,18638.33984,18519.08008,18613.51953,71470000,18613.51953
2016-08-10,42592,18541.48047,18561.75,18468.7793,18495.66016,62780000,18495.66016
2016-08-09,42591,18538.05078,18585.32031,18507.75,18533.05078,60090000,18533.05078
2016-08-08,42590,18541.89063,18569.31055,18502.0293,18529.28906,71810000,18529.28906
2016-08-05,42587,18402.80078,18543.5293,18402.80078,18543.5293,92420000,18543.5293
2016-08-04,42586,18351.42969,18397.86914,18325.16992,18352.05078,64500000,18352.05078
2016-08-03,42585,18313.08008,18355,18283.23047,18355,78550000,18355
2016-08-02,42584,18401.15039,18403.65039,18247.78906,18313.76953,89680000,18313.76953
2016-08-01,42583,18434.5,18467.0293,18355.75,18404.50977,83470000,18404.50977
2016-07-29,42580,18442.51953,18466.55078,18371.11914,18432.24023,111550000,18432.24023
2016-07-28,42579,18461.00977,18483.25977,18368.82031,18456.34961,85750000,18456.34961
2016-07-27,42578,18473.26953,18542.39063,18430.93945,18472.16992,111370000,18472.16992
2016-07-26,42577,18497.36914,18522.4707,18387.2207,18473.75,85370000,18473.75
2016-07-25,42576,18554.49023,18555.68945,18452.61914,18493.06055,76810000,18493.06055
2016-07-22,42573,18524.15039,18571.30078,18491.58984,18570.84961,87710000,18570.84961
2016-07-21,42572,18589.96094,18590.43945,18469.66992,18517.23047,86800000,18517.23047
2016-07-20,42571,18582.69922,18622.00977,18555.65039,18595.0293,93230000,18595.0293
2016-07-19,42570,18503.11914,18562.5293,18495.10938,18559.00977,85840000,18559.00977
2016-07-18,42569,18521.55078,18556.13086,18489.83984,18533.05078,75540000,18533.05078
2016-07-15,42566,18508.88086,18557.42969,18471.61914,18516.55078,123690000,18516.55078
2016-07-14,42565,18414.30078,18537.57031,18414.30078,18506.41016,87050000,18506.41016
2016-07-13,42564,18356.7793,18390.16016,18315.75977,18372.11914,80920000,18372.11914
2016-07-12,42563,18259.11914,18371.94922,18259.11914,18347.66992,90170000,18347.66992
2016-07-11,42562,18161.5293,18283.90039,18161.5293,18226.92969,80880000,18226.92969
2016-07-08,42559,17971.2207,18166.76953,17971.2207,18146.74023,93460000,18146.74023
2016-07-07,42558,17924.24023,17984.94922,17816.65039,17895.88086,81570000,17895.88086
2016-07-06,42557,17807.4707,17926.91016,17713.44922,17918.61914,93000000,17918.61914
2016-07-05,42556,17904.44922,17904.44922,17785.2793,17840.61914,103650000,17840.61914
2016-07-01,42552,17924.24023,18002.38086,17916.91016,17949.36914,82160000,17949.36914
2016-06-30,42551,17712.75977,17930.60938,17711.80078,17929.99023,133030000,17929.99023
2016-06-29,42550,17456.01953,17704.50977,17456.01953,17694.67969,106380000,17694.67969
2016-06-28,42549,17190.50977,17409.7207,17190.50977,17409.7207,112190000,17409.7207
2016-06-27,42548,17355.21094,17355.21094,17063.08008,17140.24023,138740000,17140.24023
2016-06-24,42545,17946.63086,17946.63086,17356.33984,17400.75,239000000,17400.75
2016-06-23,42544,17844.10938,18011.07031,17844.10938,18011.07031,98070000,18011.07031
2016-06-22,42543,17832.66992,17920.16016,17770.35938,17780.83008,89440000,17780.83008
2016-06-21,42542,17827.33008,17877.83984,17799.80078,17829.73047,85130000,17829.73047
2016-06-20,42541,17736.86914,17946.35938,17736.86914,17804.86914,99380000,17804.86914
2016-06-17,42538,17733.43945,17733.43945,17602.7793,17675.16016,248680000,17675.16016
2016-06-16,42537,17602.23047,17754.91016,17471.28906,17733.09961,91950000,17733.09961
2016-06-15,42536,17703.65039,17762.96094,17629.00977,17640.16992,94130000,17640.16992
2016-06-14,42535,17710.76953,17733.91992,17595.78906,17674.82031,93740000,17674.82031
2016-06-13,42534,17830.5,17893.2793,17731.34961,17732.48047,101690000,17732.48047
2016-06-10,42531,17938.82031,17938.82031,17812.33984,17865.33984,90540000,17865.33984
2016-06-09,42530,17969.98047,18005.2207,17915.88086,17985.18945,69690000,17985.18945
2016-06-08,42529,17931.91016,18016,17931.91016,18005.05078,71260000,18005.05078
2016-06-07,42528,17936.2207,18003.23047,17936.2207,17938.2793,78750000,17938.2793
2016-06-06,42527,17825.68945,17949.67969,17822.81055,17920.33008,71870000,17920.33008
2016-06-03,42524,17799.80078,17833.16992,17689.67969,17807.06055,82270000,17807.06055
2016-06-02,42523,17789.05078,17838.56055,17703.55078,17838.56055,75560000,17838.56055
2016-06-01,42522,17754.55078,17809.17969,17664.78906,17789.66992,78530000,17789.66992
2016-05-31,42521,17891.5,17899.24023,17724.0293,17787.19922,147390000,17787.19922
2016-05-27,42517,17826.84961,17873.2207,17824.73047,17873.2207,73190000,17873.2207
2016-05-26,42516,17859.51953,17888.66016,17803.82031,17828.28906,68940000,17828.28906
2016-05-25,42515,17735.08984,17891.71094,17735.08984,17851.50977,79180000,17851.50977
2016-05-24,42514,17525.18945,17742.58984,17525.18945,17706.05078,86480000,17706.05078
2016-05-23,42513,17507.03906,17550.69922,17480.05078,17492.92969,87790000,17492.92969
2016-05-20,42510,17437.32031,17571.75,17437.32031,17500.93945,111990000,17500.93945
2016-05-19,42509,17514.16016,17514.16016,17331.07031,17435.40039,95530000,17435.40039
2016-05-18,42508,17501.2793,17636.2207,17418.21094,17526.61914,79120000,17526.61914
2016-05-17,42507,17701.46094,17701.46094,17469.91992,17529.98047,103260000,17529.98047
2016-05-16,42506,17531.75977,17755.80078,17531.75977,17710.71094,88440000,17710.71094
2016-05-13,42503,17711.11914,17734.74023,17512.48047,17535.32031,86640000,17535.32031
2016-05-12,42502,17711.11914,17798.18945,17625.38086,17720.5,88560000,17720.5
2016-05-11,42501,17919.0293,17919.0293,17711.05078,17711.11914,87390000,17711.11914
2016-05-10,42500,17726.66016,17934.60938,17726.66016,17928.34961,75790000,17928.34961
2016-05-09,42499,17743.84961,17783.16016,17668.38086,17705.91016,85590000,17705.91016
2016-05-06,42496,17650.30078,17744.53906,17580.38086,17740.63086,80020000,17740.63086
2016-05-05,42495,17664.48047,17736.10938,17615.82031,17660.71094,81530000,17660.71094
2016-05-04,42494,17735.01953,17738.06055,17609.00977,17651.25977,95020000,17651.25977
2016-05-03,42493,17870.75,17870.75,17670.88086,17750.91016,97060000,17750.91016
2016-05-02,42492,17783.7793,17912.34961,17773.71094,17891.16016,80100000,17891.16016
2016-04-29,42489,17813.08984,17814.83008,17651.98047,17773.64063,136670000,17773.64063
2016-04-28,42488,18023.88086,18035.73047,17796.55078,17830.75977,100920000,17830.75977
2016-04-27,42487,17996.14063,18084.66016,17920.25977,18041.55078,109090000,18041.55078
2016-04-26,42486,17987.38086,18043.76953,17934.16992,17990.32031,92570000,17990.32031
2016-04-25,42485,17990.93945,17990.93945,17855.55078,17977.24023,83770000,17977.24023
2016-04-22,42482,17985.05078,18026.84961,17909.89063,18003.75,134120000,18003.75
2016-04-21,42481,18092.83984,18107.28906,17963.89063,17982.51953,102720000,17982.51953
2016-04-20,42480,18059.49023,18167.63086,18031.21094,18096.26953,100210000,18096.26953
2016-04-19,42479,18012.09961,18103.46094,17984.42969,18053.59961,89820000,18053.59961
2016-04-18,42478,17890.19922,18009.5293,17848.2207,18004.16016,89390000,18004.16016
2016-04-15,42475,17925.94922,17937.65039,17867.41016,17897.46094,118160000,17897.46094
2016-04-14,42474,17912.25,17962.14063,17885.43945,17926.42969,84510000,17926.42969
2016-04-13,42473,17741.66016,17918.34961,17741.66016,17908.2793,91710000,17908.2793
2016-04-12,42472,17571.33984,17744.42969,17553.57031,17721.25,81020000,17721.25
2016-04-11,42471,17586.48047,17731.63086,17555.90039,17556.41016,107100000,17556.41016
2016-04-08,42468,17555.39063,17694.50977,17528.16016,17576.96094,79990000,17576.96094
2016-04-07,42467,17687.2793,17687.2793,17484.23047,17541.96094,90120000,17541.96094
2016-04-06,42466,17605.44922,17723.55078,17542.53906,17716.05078,99410000,17716.05078
2016-04-05,42465,17718.0293,17718.0293,17579.56055,17603.32031,115230000,17603.32031
2016-04-04,42464,17799.39063,17806.38086,17710.66992,17737,85230000,17737
2016-04-01,42461,17661.74023,17811.48047,17568.01953,17792.75,104890000,17792.75
2016-03-31,42460,17716.05078,17755.69922,17669.7207,17685.08984,102600000,17685.08984
2016-03-30,42459,17652.35938,17790.10938,17652.35938,17716.66016,79330000,17716.66016
2016-03-29,42458,17512.58008,17642.81055,17434.26953,17633.10938,86160000,17633.10938
2016-03-28,42457,17526.08008,17583.81055,17493.0293,17535.39063,70460000,17535.39063
2016-03-24,42453,17485.33008,17517.14063,17399.00977,17515.73047,84100000,17515.73047
2016-03-23,42452,17588.81055,17588.81055,17486.26953,17502.58984,84240000,17502.58984
2016-03-22,42451,17602.71094,17648.93945,17540.41992,17582.57031,95450000,17582.57031
2016-03-21,42450,17589.69922,17644.9707,17551.2793,17623.86914,84410000,17623.86914
2016-03-18,42447,17481.49023,17620.58008,17481.49023,17602.30078,321230000,17602.30078
2016-03-17,42446,17321.38086,17529.00977,17297.65039,17481.49023,117990000,17481.49023
2016-03-16,42445,17249.33984,17379.17969,17204.07031,17325.75977,118710000,17325.75977
2016-03-15,42444,17217.15039,17251.69922,17120.34961,17251.5293,92830000,17251.5293
2016-03-14,42443,17207.49023,17275.07031,17161.16016,17229.13086,96350000,17229.13086
2016-03-11,42440,17014.99023,17220.08984,17014.99023,17213.31055,123420000,17213.31055
2016-03-10,42439,17006.05078,17130.10938,16821.85938,16995.13086,117570000,16995.13086
2016-03-09,42438,16969.16992,17048.5,16947.93945,17000.35938,116690000,17000.35938
2016-03-08,42437,17050.66992,17072.78906,16921.50977,16964.09961,108380000,16964.09961
2016-03-07,42436,16991.28906,17099.25,16940.48047,17073.94922,100290000,17073.94922
2016-03-04,42433,16945,17062.38086,16898.83984,17006.76953,106910000,17006.76953
2016-03-03,42432,16896.16992,16944.31055,16820.73047,16943.90039,91110000,16943.90039
2016-03-02,42431,16851.16992,16900.16992,16766.32031,16899.32031,104470000,16899.32031
2016-03-01,42430,16545.66992,16865.56055,16545.66992,16865.08008,105050000,16865.08008
2016-02-29,42429,16634.15039,16726.11914,16510.40039,16516.5,126220000,16516.5
2016-02-26,42426,16712.69922,16795.98047,16623.91016,16639.9707,98480000,16639.9707
2016-02-25,42425,16504.38086,16697.98047,16458.41992,16697.28906,94120000,16697.28906
2016-02-24,42424,16418.83984,16507.39063,16165.86035,16484.99023,93620000,16484.99023
2016-02-23,42423,16610.39063,16610.39063,16403.5293,16431.7793,98170000,16431.7793
2016-02-22,42422,16417.13086,16664.24023,16417.13086,16620.66016,102240000,16620.66016
2016-02-19,42419,16410.96094,16410.96094,16278,16391.99023,134340000,16391.99023
2016-02-18,42418,16483.75977,16511.83984,16390.42969,16413.42969,104950000,16413.42969
2016-02-17,42417,16217.98047,16486.11914,16217.98047,16453.83008,124080000,16453.83008
2016-02-16,42416,16012.38965,16196.41016,16012.38965,16196.41016,142030000,16196.41016
2016-02-12,42412,15691.62012,15974.04004,15691.62012,15973.83984,132550000,15973.83984
2016-02-11,42411,15897.82031,15897.82031,15503.00977,15660.17969,172070000,15660.17969
2016-02-10,42410,16035.61035,16201.88965,15899.91016,15914.74023,122290000,15914.74023
2016-02-09,42409,16005.41016,16136.62012,15881.11035,16014.37988,127740000,16014.37988
2016-02-08,42408,16147.50977,16147.50977,15803.54981,16027.04981,165880000,16027.04981
2016-02-05,42405,16417.94922,16423.63086,16129.80957,16204.96973,139010000,16204.96973
2016-02-04,42404,16329.66992,16485.83984,16266.16016,16416.58008,131490000,16416.58008
2016-02-03,42403,16186.2002,16381.69043,15960.4502,16336.66016,141870000,16336.66016
2016-02-02,42402,16420.21094,16420.21094,16108.44043,16153.54004,126210000,16153.54004
2016-02-01,42401,16453.63086,16510.98047,16299.46973,16449.17969,114450000,16449.17969
2016-01-29,42398,16090.25977,16466.30078,16090.25977,16466.30078,217940000,16466.30078
2016-01-28,42397,15960.28027,16102.13965,15863.71973,16069.63965,130120000,16069.63965
2016-01-27,42396,16168.74023,16235.03027,15878.29981,15944.45996,138350000,15944.45996
2016-01-26,42395,15893.16016,16185.79004,15893.16016,16167.23047,118210000,16167.23047
2016-01-25,42394,16086.45996,16086.45996,15880.15039,15885.21973,123250000,15885.21973
2016-01-22,42391,15921.09961,16136.79004,15921.09961,16093.50977,145850000,16093.50977
2016-01-21,42390,15768.87012,16038.58984,15704.66016,15882.67969,145140000,15882.67969
2016-01-20,42389,15989.4502,15989.4502,15450.55957,15766.74023,191870000,15766.74023
2016-01-19,42388,16009.4502,16171.95996,15900.25,16016.01953,144360000,16016.01953
2016-01-15,42384,16354.33008,16354.33008,15842.11035,15988.08008,239210000,15988.08008
2016-01-14,42383,16159.00977,16482.05078,16075.12012,16379.04981,158830000,16379.04981
2016-01-13,42382,16526.63086,16593.50977,16123.2002,16151.41016,153530000,16151.41016
2016-01-12,42381,16419.10938,16591.34961,16322.07031,16516.2207,117480000,16516.2207
2016-01-11,42380,16358.70996,16461.84961,16232.03027,16398.57031,127790000,16398.57031
2016-01-08,42377,16519.16992,16651.89063,16314.57031,16346.4502,141850000,16346.4502
2016-01-07,42376,16888.35938,16888.35938,16463.63086,16514.09961,176240000,16514.09961
2016-01-06,42375,17154.83008,17154.83008,16817.61914,16906.50977,120250000,16906.50977
2016-01-05,42374,17147.5,17195.83984,17038.60938,17158.66016,105750000,17158.66016
2016-01-04,42373,17405.48047,17405.48047,16957.63086,17148.93945,148060000,17148.93945
2015-12-31,42369,17590.66016,17590.66016,17421.16016,17425.0293,93690000,17425.0293
2015-12-30,42368,17711.93945,17714.13086,17588.86914,17603.86914,59760000,17603.86914
2015-12-29,42367,17547.36914,17750.01953,17547.36914,17720.98047,69860000,17720.98047
2015-12-28,42366,17535.66016,17536.90039,17437.33984,17528.26953,59770000,17528.26953
2015-12-24,42362,17593.25977,17606.33984,17543.94922,17552.16992,40350000,17552.16992
2015-12-23,42361,17427.63086,17607.91992,17427.63086,17602.60938,92820000,17602.60938
2015-12-22,42360,17253.55078,17451.10938,17242.85938,17417.26953,91570000,17417.26953
2015-12-21,42359,17154.93945,17272.35938,17116.73047,17251.61914,114910000,17251.61914
2015-12-18,42356,17495.03906,17496.58008,17124.31055,17128.55078,344560000,17128.55078
2015-12-17,42355,17756.53906,17796.75977,17493.5,17495.83984,115780000,17495.83984
2015-12-16,42354,17530.84961,17784.35938,17483.67969,17749.08984,123790000,17749.08984
2015-12-15,42353,17374.7793,17627.63086,17341.17969,17524.91016,123430000,17524.91016
2015-12-14,42352,17277.10938,17378.01953,17138.4707,17368.5,142540000,17368.5
2015-12-11,42349,17574.75,17574.75,17230.5,17265.21094,134510000,17265.21094
2015-12-10,42348,17493.16992,17697.74023,17474.66016,17574.75,107310000,17574.75
2015-12-09,42347,17558.17969,17767.68945,17403.50977,17492.30078,122020000,17492.30078
2015-12-08,42346,17703.99023,17703.99023,17485.39063,17568,113720000,17568
2015-12-07,42345,17845.49023,17845.49023,17639.25,17730.50977,99670000,17730.50977
2015-12-04,42342,17482.67969,17866.4707,17482.67969,17847.63086,137650000,17847.63086
2015-12-03,42341,17741.57031,17780.58984,17425.56055,17477.66992,126990000,17477.66992
2015-12-02,42340,17883.14063,17901.58008,17708.19922,17729.67969,102860000,17729.67969
2015-12-01,42339,17719.7207,17895.5,17719.7207,17888.34961,103880000,17888.34961
2015-11-30,42338,17802.83984,17837.24023,17719.78906,17719.91992,155560000,17719.91992
2015-11-27,42335,17806.03906,17830.35938,17749.32031,17813.39063,82540000,17813.39063
2015-11-25,42333,17820.81055,17854.91992,17801.83008,17813.39063,82540000,17813.39063
2015-11-24,42332,17770.90039,17862.59961,17683.50977,17812.18945,127170000,17812.18945
2015-11-23,42331,17823.60938,17868.17969,17751.5293,17792.67969,134680000,17792.67969
2015-11-20,42328,17732.75,17914.33984,17732.75,17823.81055,153140000,17823.81055
2015-11-19,42327,17739.83008,17772.9707,17681.98047,17732.75,114630000,17732.75
2015-11-18,42326,17485.49023,17752.16016,17485.49023,17737.16016,106810000,17737.16016
2015-11-17,42325,17486.99023,17599.33008,17451.41016,17489.5,167190000,17489.5
2015-11-16,42324,17229.93945,17483.00977,17210.42969,17483.00977,137590000,17483.00977
2015-11-13,42321,17439.25,17439.25,17238.89063,17245.24023,134640000,17245.24023
2015-11-12,42320,17691.92969,17691.92969,17443.5,17448.07031,113660000,17448.07031
2015-11-11,42319,17769.5,17807.17969,17696.91016,17702.2207,95230000,17702.2207
2015-11-10,42318,17724.13086,17768.66016,17657.7207,17758.21094,108640000,17758.21094
2015-11-09,42317,17900.7793,17900.7793,17667.7793,17730.48047,121210000,17730.48047
2015-11-06,42314,17855.2207,17912.03906,17768.59961,17910.33008,107450000,17910.33008
2015-11-05,42313,17871.25,17929.50977,17779.18945,17863.42969,98910000,17863.42969
2015-11-04,42312,17929.58008,17964.11914,17828.83008,17867.58008,99890000,17867.58008
2015-11-03,42311,17819.74023,17977.84961,17796.01953,17918.15039,92290000,17918.15039
2015-11-02,42310,17672.61914,17845.90039,17655.01953,17828.75977,100840000,17828.75977
2015-10-30,42307,17756.59961,17799.96094,17662.86914,17663.53906,149250000,17663.53906
2015-10-29,42306,17771.5,17786,17684.7207,17755.80078,90300000,17755.80078
2015-10-28,42305,17586.68945,17779.94922,17556.71094,17779.51953,115630000,17779.51953
2015-10-27,42304,17608.89063,17635.17969,17540.57031,17581.42969,113960000,17581.42969
2015-10-26,42303,17649.57031,17660.69922,17602.50977,17623.05078,116660000,17623.05078
2015-10-23,42300,17525.10938,17679.36914,17525.10938,17646.69922,158090000,17646.69922
2015-10-22,42299,17180.88086,17505.17969,17180.88086,17489.16016,152420000,17489.16016
2015-10-21,42298,17225.92969,17314.99023,17153.13086,17168.60938,107100000,17168.60938
2015-10-20,42297,17228.4707,17264.88086,17147.99023,17217.10938,106670000,17217.10938
2015-10-19,42296,17209.42969,17235.94922,17129.18945,17230.53906,118430000,17230.53906
2015-10-16,42293,17141.75,17220.01953,17107.34961,17215.9707,145880000,17215.9707
2015-10-15,42292,16944.85938,17144.41992,16933.57031,17141.75,122960000,17141.75
2015-10-14,42291,17079.08008,17111.38086,16887.66992,16924.75,120110000,16924.75
2015-10-13,42290,17113.55078,17172.81055,17034.44922,17081.89063,99400000,17081.89063
2015-10-12,42289,17082.28906,17139.21094,17064.58008,17131.85938,72500000,17131.85938
2015-10-09,42286,17054.68945,17110.88086,17027.23047,17084.49023,103730000,17084.49023
2015-10-08,42285,16904.16992,17081.2793,16859.33984,17050.75,100730000,17050.75
2015-10-07,42284,16805.41992,16963.30078,16765,16912.28906,115690000,16912.28906
2015-10-06,42283,16774.01953,16865.08984,16746.0293,16790.18945,120010000,16790.18945
2015-10-05,42282,16502.09961,16798.36914,16502.09961,16776.42969,127660000,16776.42969
2015-10-02,42279,16258.25,16472.76953,16013.66016,16472.36914,136870000,16472.36914
2015-10-01,42278,16278.62012,16348.87012,16073.82031,16272.00977,111420000,16272.00977
2015-09-30,42277,16057.08008,16297.59961,16057.08008,16284.7002,145740000,16284.7002
2015-09-29,42276,16001.75977,16118.88965,15942.37012,16049.12988,121160000,16049.12988
2015-09-28,42275,16313.25977,16313.25977,15981.84961,16001.88965,139930000,16001.88965
2015-09-25,42272,16205.07031,16465.23047,16205.07031,16314.66992,130790000,16314.66992
2015-09-24,42271,16257.11035,16257.11035,16016.36035,16201.32031,122220000,16201.32031
2015-09-23,42270,16332.80957,16355.29004,16211.98047,16279.88965,86030000,16279.88965
2015-09-22,42269,16477.44922,16477.44922,16221.73047,16330.46973,119010000,16330.46973
2015-09-21,42268,16406.09961,16578.59961,16391.88086,16510.18945,90730000,16510.18945
2015-09-18,42265,16674.74023,16674.74023,16343.75977,16384.58008,341690000,16384.58008
2015-09-17,42264,16738.08008,16933.42969,16639.92969,16674.74023,129600000,16674.74023
2015-09-16,42263,16599.50977,16755.98047,16593.90039,16739.94922,99620000,16739.94922
2015-09-15,42262,16382.58008,16644.10938,16382.58008,16599.84961,93050000,16599.84961
2015-09-14,42261,16450.85938,16450.85938,16330.87012,16370.95996,92660000,16370.95996
2015-09-11,42258,16330.40039,16434.75977,16244.65039,16433.08984,104630000,16433.08984
2015-09-10,42257,16252.57031,16441.93945,16212.08008,16330.40039,122690000,16330.40039
2015-09-09,42256,16505.03906,16664.65039,16220.09961,16253.57031,118790000,16253.57031
2015-09-08,42255,16109.92969,16503.41016,16109.92969,16492.67969,123870000,16492.67969
2015-09-04,42251,16371.75977,16371.75977,16026.61035,16102.37988,127270000,16102.37988
2015-09-03,42250,16364.33984,16550.07031,16317.30957,16374.75977,109730000,16374.75977
2015-09-02,42249,16058.34961,16352.58008,16058.34961,16351.37988,133480000,16351.37988
2015-09-01,42248,16528.0293,16528.0293,15979.9502,16058.34961,171390000,16058.34961
2015-08-31,42247,16632.01953,16632.01953,16444.05078,16528.0293,141440000,16528.0293
2015-08-28,42244,16649.41992,16669.9707,16535.17969,16643.00977,131790000,16643.00977
2015-08-27,42243,16285.50977,16666.68945,16285.50977,16654.76953,171980000,16654.76953
2015-08-26,42242,15676.25977,16303.75,15676.25977,16285.50977,208420000,16285.50977
2015-08-25,42241,15882.26953,16312.94043,15651.24023,15666.44043,213220000,15666.44043
2015-08-24,42240,16459.75,16459.75,15370.33008,15871.34961,293920000,15871.34961
2015-08-21,42237,16990.68945,16990.68945,16459.55078,16459.75,225170000,16459.75
2015-08-20,42236,17345.32031,17345.32031,16990.68945,16990.68945,128530000,16990.68945
2015-08-19,42235,17508.74023,17517.18945,17282.41992,17348.73047,104720000,17348.73047
2015-08-18,42234,17537.30078,17568.40039,17486.41992,17511.33984,79900000,17511.33984
2015-08-17,42233,17472.66016,17551.40039,17341.7207,17545.17969,73380000,17545.17969
2015-08-14,42230,17410.11914,17492.90039,17394.06055,17477.40039,82120000,17477.40039
2015-08-13,42229,17401.64063,17481.7793,17341.33984,17408.25,88550000,17408.25
2015-08-12,42228,17382.92969,17423.90039,17125.81055,17402.50977,120400000,17402.50977
2015-08-11,42227,17593.58984,17593.58984,17352.63086,17402.83984,103010000,17402.83984
2015-08-10,42226,17375.17969,17629.13086,17375.17969,17615.16992,92430000,17615.16992
2015-08-07,42223,17414.93945,17414.93945,17279.08008,17373.38086,81800000,17373.38086
2015-08-06,42222,17542.60938,17572.03906,17362.85938,17419.75,96170000,17419.75
2015-08-05,42221,17555.24023,17661.36914,17492.90039,17540.4707,102450000,17540.4707
2015-08-04,42220,17596.92969,17635.7793,17505.5,17550.68945,99060000,17550.68945
2015-08-03,42219,17696.74023,17704.75977,17496.60938,17598.19922,87880000,17598.19922
2015-07-31,42216,17755.86914,17783.58984,17671.58984,17689.85938,106120000,17689.85938
2015-07-30,42215,17743.24023,17761.25,17640.84961,17745.98047,76650000,17745.98047
2015-07-29,42214,17631.40039,17776.7793,17629.19922,17751.39063,93140000,17751.39063
2015-07-28,42213,17449.81055,17650.07031,17449.81055,17630.26953,103450000,17630.26953
2015-07-27,42212,17561.7793,17561.7793,17399.16992,17440.58984,117860000,17440.58984
2015-07-24,42209,17731.05078,17756.53906,17553.73047,17568.5293,103470000,17568.5293
2015-07-23,42208,17853.7793,17860.94922,17705.0293,17731.91992,88600000,17731.91992
2015-07-22,42207,17918.34961,17919.34961,17807.41016,17851.03906,112370000,17851.03906
2015-07-21,42206,18096.66992,18096.66992,17868.33984,17919.28906,100170000,17919.28906
2015-07-20,42205,18085.91016,18137.11914,18064.5,18100.41016,75060000,18100.41016
2015-07-17,42202,18117.58008,18121.11914,18032.06055,18086.44922,106510000,18086.44922
2015-07-16,42201,18078.16016,18131.60938,18065.33008,18120.25,85030000,18120.25
2015-07-15,42200,18053.38086,18090.39063,18010.15039,18050.16992,80460000,18050.16992
2015-07-14,42199,17974.60938,18072.82031,17956.16992,18053.58008,76740000,18053.58008
2015-07-13,42198,17787.26953,17987.57031,17787.26953,17977.67969,86380000,17977.67969
2015-07-10,42195,17561.11914,17797.49023,17561.11914,17760.41016,85800000,17760.41016
2015-07-09,42194,17530.38086,17764.84961,17530.38086,17548.61914,100520000,17548.61914
2015-07-08,42193,17759.00977,17759.00977,17496.2207,17515.41992,69830000,17515.41992
2015-07-07,42192,17684.91992,17793.44922,17465.67969,17776.91016,105840000,17776.91016
2015-07-06,42191,17728.08008,17734.35938,17564.35938,17683.58008,90130000,17683.58008
2015-07-02,42187,17763.32031,17825.49023,17687.51953,17730.10938,83080000,17730.10938
2015-07-01,42186,17638.11914,17801.83008,17638.11914,17757.91016,87010000,17757.91016
2015-06-30,42185,17599.96094,17714.66016,17576.5,17619.50977,126460000,17619.50977
2015-06-29,42184,17936.74023,17936.74023,17590.55078,17596.34961,116340000,17596.34961
2015-06-26,42181,17892.0293,18013.15039,17892.0293,17946.67969,158120000,17946.67969
2015-06-25,42180,17977.10938,18036.09961,17890.35938,17890.35938,78990000,17890.35938
2015-06-24,42179,18139.09961,18139.09961,17966.07031,17966.07031,104980000,17966.07031
2015-06-23,42178,18121.7793,18188.81055,18108.09961,18144.07031,75970000,18144.07031
2015-06-22,42177,18027.63086,18181.66992,18027.63086,18119.7793,77780000,18119.7793
2015-06-19,42174,18116.24023,18117.71094,18010.58008,18015.94922,258300000,18015.94922
2015-06-18,42173,17944.60938,18174.73047,17944.60938,18115.83984,94460000,18115.83984
2015-06-17,42172,17909.58008,17998,17839.65039,17935.74023,92410000,17935.74023
2015-06-16,42171,17787.42969,17919.61914,17774.11914,17904.48047,77510000,17904.48047
2015-06-15,42170,17890.75977,17890.75977,17698.41992,17791.16992,91920000,17791.16992
2015-06-12,42167,18035.83008,18035.83008,17857.07031,17898.83984,83760000,17898.83984
2015-06-11,42166,18001.26953,18109.76953,18001.26953,18039.36914,89490000,18039.36914
2015-06-10,42165,17765.38086,18045.14063,17765.38086,18000.40039,96980000,18000.40039
2015-06-09,42164,17766.94922,17817.83008,17714.9707,17764.03906,90550000,17764.03906
2015-06-08,42163,17849.46094,17852.34961,17760.60938,17766.55078,86300000,17766.55078
2015-06-05,42160,17905.38086,17940.7793,17822.90039,17849.46094,89140000,17849.46094
2015-06-04,42159,18072.4707,18087.15039,17876.94922,17905.58008,93470000,17905.58008
2015-06-03,42158,18018.41992,18168.08984,18010.41992,18076.26953,73120000,18076.26953
2015-06-02,42157,18033.33008,18091.86914,17925.33008,18011.93945,77550000,18011.93945
2015-06-01,42156,18017.82031,18105.83008,17982.06055,18040.36914,85640000,18040.36914
2015-05-29,42153,18128.11914,18128.11914,17967.74023,18010.67969,139810000,18010.67969
2015-05-28,42152,18154.14063,18154.14063,18066.40039,18126.11914,67510000,18126.11914
2015-05-27,42151,18045.08008,18190.34961,18045.08008,18162.99023,96400000,18162.99023
2015-05-26,42150,18229.75,18229.75,17990.01953,18041.53906,109440000,18041.53906
2015-05-22,42146,18286.86914,18286.86914,18217.14063,18232.01953,78890000,18232.01953
2015-05-21,42145,18285.86914,18314.89063,18249.90039,18285.74023,84270000,18285.74023
2015-05-20,42144,18315.06055,18350.13086,18272.56055,18285.40039,80190000,18285.40039
2015-05-19,42143,18300.48047,18351.35938,18261.34961,18312.39063,87200000,18312.39063
2015-05-18,42142,18267.25,18325.53906,18244.25977,18298.88086,79080000,18298.88086
2015-05-15,42139,18251.9707,18272.7207,18215.07031,18272.56055,108220000,18272.56055
2015-05-14,42138,18062.49023,18255.21094,18062.49023,18252.24023,91580000,18252.24023
2015-05-13,42137,18070.36914,18132.78906,18039.19922,18060.49023,85180000,18060.49023
2015-05-12,42136,18096.16016,18119.17969,17924.80078,18068.23047,89270000,18068.23047
2015-05-11,42135,18187.7793,18199.94922,18089.10938,18105.16992,86050000,18105.16992
2015-05-08,42132,17933.64063,18205.23047,17933.64063,18191.10938,94960000,18191.10938
2015-05-07,42131,17840.25,17973.07031,17796.93945,17924.06055,80920000,17924.06055
2015-05-06,42130,17934.81055,18019.75,17733.11914,17841.98047,100430000,17841.98047
2015-05-05,42129,18062.5293,18086.00977,17905.71094,17928.19922,95340000,17928.19922
2015-05-04,42128,18026.01953,18133.75977,18026.01953,18070.40039,86010000,18070.40039
2015-05-01,42125,17859.26953,18028.89063,17859.26953,18024.06055,91700000,18024.06055
2015-04-30,42124,18033.33008,18033.33008,17774.89063,17840.51953,129180000,17840.51953
2015-04-29,42123,18093.68945,18096.46094,17953.68945,18035.5293,102080000,18035.5293
2015-04-28,42122,18035.90039,18119.65039,17917.35938,18110.14063,124930000,18110.14063
2015-04-27,42121,18097.89063,18175.56055,18024.66016,18037.9707,121110000,18037.9707
2015-04-24,42118,18056.41992,18108.86914,18009.08008,18080.14063,119130000,18080.14063
2015-04-23,42117,18031.90039,18133.0293,17966.76953,18058.68945,100240000,18058.68945
2015-04-22,42116,17950.82031,18056.01953,17887.75977,18038.26953,91260000,18038.26953
2015-04-21,42115,18034.23047,18109.69922,17929.63086,17949.58984,95180000,17949.58984
2015-04-20,42114,17841.17969,18092.2207,17841.17969,18034.92969,103160000,18034.92969
2015-04-17,42111,18102.56055,18102.56055,17748.5293,17826.30078,138860000,17826.30078
2015-04-16,42110,18106.26953,18169.25977,18063.85938,18105.76953,89520000,18105.76953
2015-04-15,42109,18045.71094,18160.51953,18045.71094,18112.60938,113610000,18112.60938
2015-04-14,42108,17979.10938,18075.59961,17905.48047,18036.69922,82830000,18036.69922
2015-04-13,42107,18052.32031,18107.57031,17974.81055,17977.03906,120090000,17977.03906
2015-04-10,42104,17956.73047,18066.75977,17945.55078,18057.65039,116410000,18057.65039
2015-04-09,42103,17902.50977,17984.2207,17823.09961,17958.73047,86740000,17958.73047
2015-04-08,42102,17877.61914,17976.19922,17822.23047,17902.50977,76820000,17902.50977
2015-04-07,42101,17884.32031,17983.11914,17871.21094,17875.41992,72150000,17875.41992
2015-04-06,42100,17755.5,17941.78906,17646.80078,17880.84961,100850000,17880.84961
2015-04-02,42096,17699.51953,17815.0293,17673.49023,17763.24023,87370000,17763.24023
2015-04-01,42095,17778.51953,17778.51953,17585.00977,17698.17969,103360000,17698.17969
2015-03-31,42094,17965.36914,17965.36914,17773.01953,17776.11914,119470000,17776.11914
2015-03-30,42093,17727.48047,18008.64063,17727.48047,17976.31055,104040000,17976.31055
2015-03-27,42090,17673.63086,17729.14063,17630.49023,17712.66016,103220000,17712.66016
2015-03-26,42089,17716.26953,17759.50977,17579.26953,17678.23047,117740000,17678.23047
2015-03-25,42088,18012.60938,18041.9707,17718.53906,17718.53906,106560000,17718.53906
2015-03-24,42087,18110.86914,18149.24023,18010.43945,18011.14063,87190000,18011.14063
2015-03-23,42086,18136.73047,18205.92969,18116.03906,18116.03906,98030000,18116.03906
2015-03-20,42083,17961.13086,18197.28906,17961.13086,18127.65039,333870000,18127.65039
2015-03-19,42082,18072.58008,18072.99023,17934.24023,17959.0293,107820000,17959.0293
2015-03-18,42081,17846.80078,18097.11914,17697.51953,18076.18945,130950000,18076.18945
2015-03-17,42080,17972.2207,17972.2207,17785.78906,17849.08008,82560000,17849.08008
2015-03-16,42079,17751.24023,17988.5,17751.24023,17977.41992,101760000,17977.41992
2015-03-13,42076,17889.05078,17889.05078,17629.89063,17749.31055,113620000,17749.31055
2015-03-12,42075,17626.83984,17900.09961,17620.49023,17895.2207,111550000,17895.2207
2015-03-11,42074,17662.93945,17731.7793,17627,17635.39063,102120000,17635.39063
2015-03-10,42073,17989.56055,17989.56055,17662.93945,17662.93945,120450000,17662.93945
2015-03-09,42072,17856.56055,18031.03906,17856.56055,17995.7207,85820000,17995.7207
2015-03-06,42069,18135.7207,18135.7207,17825.15039,17856.7793,113350000,17856.7793
2015-03-05,42068,18096.90039,18160.34961,18087.65039,18135.7207,75840000,18135.7207
2015-03-04,42067,18203.36914,18203.36914,18029.5,18096.90039,80900000,18096.90039
2015-03-03,42066,18281.94922,18281.94922,18136.88086,18203.36914,83830000,18203.36914
2015-03-02,42065,18134.05078,18288.63086,18122.58984,18288.63086,89790000,18288.63086
2015-02-27,42062,18213.25977,18213.25977,18132.38086,18132.69922,101110000,18132.69922
2015-02-26,42061,18224.41016,18239.42969,18157.07031,18214.41992,81500000,18214.41992
2015-02-25,42060,18208.66992,18244.38086,18182.75977,18224.57031,80480000,18224.57031
2015-02-24,42059,18112.57031,18231.08984,18098.73047,18209.18945,79310000,18209.18945
2015-02-23,42058,18140.75977,18141.21094,18054.83984,18116.83984,83670000,18116.83984
2015-02-20,42055,17985.76953,18144.28906,17878.36914,18140.43945,111390000,18140.43945
2015-02-19,42054,18028.66992,18028.66992,17924.59961,17985.76953,79130000,17985.76953
2015-02-18,42053,18045.7207,18048.69922,17982.19922,18029.84961,75090000,18029.84961
2015-02-17,42052,18019.80078,18052.00977,17951.41016,18047.58008,98760000,18047.58008
2015-02-13,42048,17968.65039,18037.41016,17961.75977,18019.34961,85230000,18019.34961
2015-02-12,42047,17862.14063,17975.65039,17862.14063,17972.38086,117160000,17972.38086
2015-02-11,42046,17867.85938,17897.21094,17759.65039,17862.14063,89890000,17862.14063
2015-02-10,42045,17736.15039,17890.33984,17729.24023,17868.75977,89930000,17868.75977
2015-02-09,42044,17821.49023,17821.49023,17685.32031,17729.21094,81590000,17729.21094
2015-02-06,42041,17881.53906,17951.08984,17764.40039,17824.28906,93610000,17824.28906
2015-02-05,42040,17677.25977,17889.58008,17677.25977,17884.88086,79890000,17884.88086
2015-02-04,42039,17664.99023,17782.2207,17603.21094,17673.01953,102560000,17673.01953
2015-02-03,42038,17369.9707,17670.75977,17369.9707,17666.40039,112860000,17666.40039
2015-02-02,42037,17169.99023,17367.67969,17037.75977,17361.03906,108090000,17361.03906
2015-01-30,42034,17416.84961,17419.90039,17156.82031,17164.94922,168560000,17164.94922
2015-01-29,42033,17195.28906,17433.13086,17136.30078,17416.84961,111690000,17416.84961
2015-01-28,42032,17402.91016,17484.41016,17189,17191.36914,115980000,17191.36914
2015-01-27,42031,17638.5293,17638.5293,17288.31055,17387.21094,135940000,17387.21094
2015-01-26,42030,17668.10938,17696.35938,17567.59961,17678.69922,87220000,17678.69922
2015-01-23,42027,17812.5,17812.5,17667.5293,17672.59961,97110000,17672.59961
2015-01-22,42026,17557.28906,17840.89063,17482.53906,17813.98047,111980000,17813.98047
2015-01-21,42025,17509.96094,17599.58008,17396.03906,17554.2793,95530000,17554.2793
2015-01-20,42024,17516.96094,17588.69922,17346.73047,17515.23047,119600000,17515.23047
2015-01-16,42020,17320,17528.36914,17243.55078,17511.57031,140480000,17511.57031
2015-01-15,42019,17436.30078,17517.41016,17298.03906,17320.71094,94520000,17320.71094
2015-01-14,42018,17609.06055,17609.06055,17264.90039,17427.08984,109180000,17427.08984
2015-01-13,42017,17645.01953,17923.00977,17498.23047,17613.67969,99360000,17613.67969
2015-01-12,42016,17742.05078,17793.88086,17571.58008,17640.83984,92500000,17640.83984
2015-01-09,42013,17911.01953,17915.32031,17686.08984,17737.36914,93390000,17737.36914
2015-01-08,42012,17591.9707,17916.03906,17591.9707,17907.86914,114890000,17907.86914
2015-01-07,42011,17374.7793,17597.08008,17374.7793,17584.51953,91030000,17584.51953
2015-01-06,42010,17504.17969,17581.05078,17262.36914,17371.64063,101870000,17371.64063
2015-01-05,42009,17821.30078,17821.30078,17475.92969,17501.65039,116160000,17501.65039
2015-01-02,42006,17823.07031,17951.7793,17731.30078,17832.99023,76270000,17832.99023
2014-12-31,42004,17987.66016,18043.2207,17820.88086,17823.07031,82840000,17823.07031
2014-12-30,42003,18035.01953,18035.01953,17959.69922,17983.07031,47490000,17983.07031
2014-12-29,42002,18046.58008,18073.03906,18021.57031,18038.23047,53870000,18038.23047
2014-12-26,41999,18038.30078,18103.44922,18038.30078,18053.71094,52570000,18053.71094
2014-12-24,41997,18035.73047,18086.24023,18027.7793,18030.21094,42870000,18030.21094
2014-12-23,41996,17971.50977,18069.2207,17970.16016,18024.16992,82890000,18024.16992
2014-12-22,41995,17812.25,17962.7793,17812.25,17959.43945,98460000,17959.43945
2014-12-19,41992,17778.01953,17874.0293,17746.55078,17804.80078,343690000,17804.80078
2014-12-18,41991,17367.84961,17778.40039,17367.84961,17778.15039,123940000,17778.15039
2014-12-17,41990,17069.16016,17389.30078,17069.16016,17356.86914,118220000,17356.86914
2014-12-16,41989,17173.07031,17427.43945,17067.58984,17068.86914,116640000,17068.86914
2014-12-15,41988,17285.74023,17403.53906,17115.2793,17180.83984,114050000,17180.83984
2014-12-12,41985,17590.05078,17590.05078,17280.83008,17280.83008,121950000,17280.83008
2014-12-11,41984,17534.30078,17758.50977,17534.30078,17596.33984,90100000,17596.33984
2014-12-10,41983,17797.99023,17797.99023,17508.09961,17533.15039,115100000,17533.15039
2014-12-09,41982,17847.36914,17847.36914,17629.57031,17801.19922,100400000,17801.19922
2014-12-08,41981,17954.93945,17960.56055,17804.2793,17852.48047,88680000,17852.48047
2014-12-05,41978,17903.05078,17991.18945,17903.05078,17958.78906,79110000,17958.78906
2014-12-04,41977,17910.01953,17937.96094,17814.81055,17900.09961,76270000,17900.09961
2014-12-03,41976,17880.90039,17924.15039,17855.58984,17912.61914,99400000,17912.61914
2014-12-02,41975,17778.84961,17897.05078,17778.84961,17879.55078,81970000,17879.55078
2014-12-01,41974,17827.26953,17827.26953,17726.55078,17776.80078,86390000,17776.80078
2014-11-28,41971,17830.55078,17893.41992,17807.7793,17828.24023,80470000,17828.24023
2014-11-26,41969,17812.25,17833.75977,17791.16016,17827.75,67450000,17827.75
2014-11-25,41968,17819.05078,17854.73047,17790.89063,17814.93945,88190000,17814.93945
2014-11-24,41967,17812.63086,17855.26953,17793.18945,17817.90039,85510000,17817.90039
2014-11-21,41964,17721.01953,17894.83008,17721.01953,17810.06055,140940000,17810.06055
2014-11-20,41963,17677.32031,17720.43945,17603.89063,17719,77740000,17719
2014-11-19,41962,17685.50977,17712.25977,17624.5,17685.73047,73780000,17685.73047
2014-11-18,41961,17643.08984,17735.71094,17642.0293,17687.82031,87420000,17687.82031
2014-11-17,41960,17631.84961,17675.07031,17606.81055,17647.75,70330000,17647.75
2014-11-14,41957,17653.10938,17664.15039,17613.19922,17634.74023,72850000,17634.74023
2014-11-13,41956,17618.68945,17705.48047,17583.88086,17652.78906,80540000,17652.78906
2014-11-12,41955,17604.75,17626.71094,17536.16992,17612.19922,75980000,17612.19922
2014-11-11,41954,17615.64063,17638.21094,17584.93945,17614.90039,52880000,17614.90039
2014-11-10,41953,17568.98047,17621.86914,17547.50977,17613.74023,71430000,17613.74023
2014-11-07,41950,17558.58008,17575.33008,17493.36914,17573.92969,82860000,17573.92969
2014-11-06,41949,17491.66016,17560.31055,17440.34961,17554.4707,70670000,17554.4707
2014-11-05,41948,17385.75977,17486.58984,17385.75977,17484.5293,76030000,17484.5293
2014-11-04,41947,17368.81055,17397.23047,17278.35938,17383.83984,81390000,17383.83984
2014-11-03,41946,17390.90039,17410.65039,17339.84961,17366.24023,80030000,17366.24023
2014-10-31,41943,17208.7793,17395.53906,17208.7793,17390.51953,121610000,17390.51953
2014-10-30,41942,16968.14063,17223.96094,16920.75977,17195.41992,80180000,17195.41992
2014-10-29,41941,17005.07031,17065.5,16895.38086,16974.31055,76450000,16974.31055
2014-10-28,41940,16825.18945,17006.44922,16825.18945,17005.75,83870000,17005.75
2014-10-27,41939,16796.09961,16836.98047,16729.83008,16817.93945,72580000,16817.93945
2014-10-24,41936,16677.03906,16811.71094,16649.7207,16805.41016,90400000,16805.41016
2014-10-23,41935,16468.07031,16767.51953,16468.07031,16677.90039,99420000,16677.90039
2014-10-22,41934,16615.25977,16653.89063,16459.84961,16461.32031,92050000,16461.32031
2014-10-21,41933,16406.0293,16620.7793,16405.76953,16614.81055,105110000,16614.81055
2014-10-20,41932,16373.15039,16401.63086,16260.54004,16399.66992,94320000,16399.66992
2014-10-17,41929,16118.38965,16427.38086,16118.38965,16380.41016,137910000,16380.41016
2014-10-16,41928,16137.13965,16211.12012,15935.21973,16117.24023,131670000,16117.24023
2014-10-15,41927,16313.29981,16313.29981,15855.12012,16141.74023,160380000,16141.74023
2014-10-14,41926,16321.90039,16463.66992,16273.63965,16315.19043,110410000,16315.19043
2014-10-13,41925,16535.42969,16602.41016,16310.46973,16321.07031,107830000,16321.07031
2014-10-10,41922,16654.88086,16757.59961,16543.91016,16544.09961,136370000,16544.09961
2014-10-09,41921,16989.36914,16989.36914,16649.03906,16659.25,93210000,16659.25
2014-10-08,41920,16718.65039,17006.91016,16663.25977,16994.2207,106930000,16994.2207
2014-10-07,41919,16988.25,16988.25,16715.78906,16719.39063,79420000,16719.39063
2014-10-06,41918,17010.33984,17099.39063,16930.38086,16991.91016,655450000,16991.91016
2014-10-03,41915,16802.19922,17027.83984,16802.19922,17009.68945,87940000,17009.68945
2014-10-02,41914,16808.26953,16857.25,16674.03906,16801.05078,75490000,16801.05078
2014-10-01,41913,17040.46094,17041.16016,16776.13086,16804.71094,104240000,16804.71094
2014-09-30,41912,17070.44922,17145.09961,17017.10938,17042.90039,102290000,17042.90039
2014-09-29,41911,17107.68945,17107.68945,16934.42969,17071.2207,70220000,17071.2207
2014-09-26,41908,16948.61914,17148.15039,16948.10938,17113.15039,74670000,17113.15039
2014-09-25,41907,17204.85938,17204.85938,16945.80078,16945.80078,93520000,16945.80078
2014-09-24,41906,17056.64063,17226.59961,17033.92969,17210.06055,80530000,17210.06055
2014-09-23,41905,17165.91016,17171.88086,17055.86914,17055.86914,77090000,17055.86914
2014-09-22,41904,17271.71094,17277.88086,17159.35938,17172.67969,74300000,17172.67969
2014-09-19,41901,17267.21094,17350.64063,17257.46094,17279.74023,349620000,17279.74023
2014-09-18,41900,17163.73047,17275.36914,17163.73047,17265.99023,85300000,17265.99023
2014-09-17,41899,17131.00977,17221.10938,17089.00977,17156.84961,87810000,17156.84961
2014-09-16,41898,17027.16016,17167.05078,16985.55078,17131.9707,73200000,17131.9707
2014-09-15,41897,16988.75977,17051.84961,16951.38086,17031.14063,71740000,17031.14063
2014-09-12,41894,17044.05078,17044.05078,16937.66992,16987.50977,82820000,16987.50977
2014-09-11,41893,17057.41016,17057.41016,16983.88086,17049,63650000,17049
2014-09-10,41892,17016.05078,17080.26953,16974.57031,17068.71094,76780000,17068.71094
2014-09-09,41891,17110.39063,17111.55078,16993.28906,17013.86914,69030000,17013.86914
2014-09-08,41890,17131.71094,17137.88086,17079.16992,17111.41992,65640000,17111.41992
2014-09-05,41887,17065.89063,17137.35938,17009.61914,17137.35938,76630000,17137.35938
2014-09-04,41886,17083.60938,17161.55078,17030.11914,17069.58008,68120000,17069.58008
2014-09-03,41885,17067.24023,17151.89063,17060.21094,17078.2793,62770000,17078.2793
2014-09-02,41884,17097.41992,17113.50977,17009.07031,17067.56055,64820000,17067.56055
2014-08-29,41880,17083.41992,17110.41992,17035.38086,17098.44922,81500000,17098.44922
2014-08-28,41879,17119.06055,17119.06055,17018.33008,17079.57031,51860000,17079.57031
2014-08-27,41878,17111.0293,17134.59961,17090.60938,17122.00977,61690000,17122.00977
2014-08-26,41877,17079.57031,17153.80078,17079.57031,17106.69922,50710000,17106.69922
2014-08-25,41876,17011.81055,17124.74023,17011.81055,17076.86914,57400000,17076.86914
2014-08-22,41873,17038.26953,17064.2793,16984.51953,17001.2207,64330000,17001.2207
2014-08-21,41872,16983.88086,17074.58984,16983.88086,17039.49023,65160000,17039.49023
2014-08-20,41871,16910.0293,16994.89063,16896.55078,16979.13086,61960000,16979.13086
2014-08-19,41870,16839.06055,16929.13086,16839.06055,16919.58984,67220000,16919.58984
2014-08-18,41869,16664.44922,16840.2793,16664.44922,16838.74023,75670000,16838.74023
2014-08-15,41866,16717.00977,16775.26953,16575.41992,16662.91016,109180000,16662.91016
2014-08-14,41865,16657.32031,16714.2207,16651.66992,16713.58008,62370000,16713.58008
2014-08-13,41864,16567.53906,16670.28906,16567.53906,16651.80078,66020000,16651.80078
2014-08-12,41863,16565.55078,16589.31055,16518.06055,16560.53906,62770000,16560.53906
2014-08-11,41862,16557.26953,16627.99023,16557.26953,16569.98047,65560000,16569.98047
2014-08-08,41859,16369.67969,16556.58984,16364.21973,16553.92969,82420000,16553.92969
2014-08-07,41858,16448.28906,16504.34961,16333.78027,16368.26953,80430000,16368.26953
2014-08-06,41857,16425.09961,16490.69922,16372.32031,16443.33984,78600000,16443.33984
2014-08-05,41856,16559.9707,16559.9707,16369.54981,16429.4707,76630000,16429.4707
2014-08-04,41855,16493.7207,16596.2207,16447.19922,16569.2793,76260000,16569.2793
2014-08-01,41852,16561.69922,16584.75,16437.07031,16493.36914,84860000,16493.36914
2014-07-31,41851,16869.63086,16869.63086,16563.30078,16563.30078,101670000,16563.30078
2014-07-30,41850,16920.10938,16983.93945,16817.16016,16880.35938,77750000,16880.35938
2014-07-29,41849,16984.33008,17056.46094,16912.10938,16912.10938,75980000,16912.10938
2014-07-28,41848,16956.91016,17001.38086,16877.7207,16982.58984,66190000,16982.58984
2014-07-25,41845,17079.5,17082.33008,16915.65039,16960.57031,67290000,16960.57031
2014-07-24,41844,17092.01953,17119.83008,17061.07031,17083.80078,66390000,17083.80078
2014-07-23,41843,17117.00977,17121.05078,17058.05078,17086.63086,73440000,17086.63086
2014-07-22,41842,17054.9707,17133.42969,17040.13086,17113.53906,77960000,17113.53906
2014-07-21,41841,17095.10938,17095.10938,16974.33984,17051.73047,67590000,17051.73047
2014-07-18,41838,16978.16016,17113.50977,16977.51953,17100.17969,112530000,17100.17969
2014-07-17,41837,17133.44922,17151.56055,16966.18945,16976.81055,99240000,16976.81055
2014-07-16,41836,17061.91016,17139.34961,17061.91016,17138.19922,111500000,17138.19922
2014-07-15,41835,17055.0293,17120.33984,17006.39063,17060.67969,101730000,17060.67969
2014-07-14,41834,16950.92969,17088.42969,16950.92969,17055.41992,60570000,17055.41992
2014-07-11,41831,16918.31055,16949.46094,16860.30078,16943.81055,61000000,16943.81055
2014-07-10,41830,16980.34961,16980.34961,16805.38086,16915.07031,67510000,16915.07031
2014-07-09,41829,16916.83008,16998.94922,16913.81055,16985.60938,67120000,16985.60938
2014-07-08,41828,17022.08984,17022.08984,16874.78906,16906.61914,75250000,16906.61914
2014-07-07,41827,17063.83008,17063.83008,16992.44922,17024.21094,61480000,17024.21094
2014-07-03,41823,16979,17074.65039,16979,17068.25977,66800000,17068.25977
2014-07-02,41822,16949.71094,16986.63086,16949.71094,16976.24023,57840000,16976.24023
2014-07-01,41821,16828.5293,16998.69922,16828.5293,16956.07031,74050000,16956.07031
2014-06-30,41820,16852.49023,16871.26953,16801.93945,16826.59961,90360000,16826.59961
2014-06-27,41817,16846.90039,16862.73047,16773.83984,16851.83984,137690000,16851.83984
2014-06-26,41816,16866.81055,16872.51953,16746.08984,16846.13086,63650000,16846.13086
2014-06-25,41815,16817.67969,16883.53906,16799.41016,16867.50977,73920000,16867.50977
2014-06-24,41814,16934.61914,16969.69922,16805.23047,16818.13086,80220000,16818.13086
2014-06-23,41813,16946.5,16954.26953,16896.08984,16937.25977,63640000,16937.25977
2014-06-20,41810,16920.61914,16978.01953,16920.61914,16947.08008,247350000,16947.08008
2014-06-19,41809,16909.90039,16923.42969,16858.88086,16921.46094,80220000,16921.46094
2014-06-18,41808,16806.11914,16911.41016,16755.28906,16906.61914,73720000,16906.61914
2014-06-17,41807,16779.21094,16823.55078,16732.91016,16808.49023,63530000,16808.49023
2014-06-16,41806,16765.56055,16802.14063,16722.85938,16781.00977,77900000,16781.00977
2014-06-13,41803,16734.64063,16787.89063,16718.59961,16775.74023,95220000,16775.74023
2014-06-12,41802,16840.48047,16841.57031,16703.73047,16734.18945,72560000,16734.18945
2014-06-11,41801,16943.16016,16943.16016,16821.84961,16843.88086,61860000,16843.88086
2014-06-10,41800,16940.40039,16946.33984,16897.43945,16945.91992,64560000,16945.91992
2014-06-09,41799,16926.08008,16970.16992,16912.91992,16943.09961,67130000,16943.09961
2014-06-06,41796,16839.64063,16924.2793,16839.64063,16924.2793,80530000,16924.2793
2014-06-05,41795,16739.14063,16845.81055,16709.94922,16836.10938,70460000,16836.10938
2014-06-04,41794,16720,16742.91016,16673.65039,16737.5293,65570000,16737.5293
2014-06-03,41793,16736.69922,16736.69922,16690.00977,16722.33984,67830000,16722.33984
2014-06-02,41792,16716.84961,16756.64063,16682.07031,16743.63086,57560000,16743.63086
2014-05-30,41789,16697.33008,16721.2207,16648.84961,16717.16992,105190000,16717.16992
2014-05-29,41788,16637.74023,16698.74023,16620.42969,16698.74023,55500000,16698.74023
2014-05-28,41787,16674.98047,16674.98047,16620.2207,16633.17969,62480000,16633.17969
2014-05-27,41786,16607.41992,16688.68945,16607.41992,16675.5,80870000,16675.5
2014-05-23,41782,16544.49023,16613.07031,16544.49023,16606.26953,61340000,16606.26953
2014-05-22,41781,16532.74023,16565.39063,16489.60938,16543.08008,59250000,16543.08008
2014-05-21,41780,16376.16992,16544.59961,16376.16992,16533.06055,76730000,16533.06055
2014-05-20,41779,16511.2207,16511.2207,16341.29981,16374.30957,75150000,16374.30957
2014-05-19,41778,16490.34961,16526.25977,16442.11914,16511.85938,82180000,16511.85938
2014-05-16,41775,16447.32031,16498.99023,16414.32031,16491.31055,119330000,16491.31055
2014-05-15,41774,16613.51953,16622.90039,16397.46094,16446.81055,106610000,16446.81055
2014-05-14,41773,16716.08008,16717.56055,16595,16613.9707,71970000,16613.9707
2014-05-13,41772,16695.91992,16735.50977,16695.91992,16715.43945,71340000,16715.43945
2014-05-12,41771,16584.82031,16704.83984,16584.82031,16695.4707,71550000,16695.4707
2014-05-09,41768,16551.23047,16588.76953,16498.71094,16583.33984,74980000,16583.33984
2014-05-08,41767,16518.16016,16622.94922,16502.00977,16550.9707,75620000,16550.9707
2014-05-07,41766,16401.66016,16522.93945,16357.34961,16518.53906,93870000,16518.53906
2014-05-06,41765,16529.84961,16529.84961,16399.99023,16401.01953,74340000,16401.01953
2014-05-05,41764,16509.75,16547.91992,16377.08984,16530.55078,70320000,16530.55078
2014-05-02,41761,16562.33984,16620.06055,16488.31055,16512.89063,78910000,16512.89063
2014-05-01,41760,16580.25977,16604.78906,16525.25,16558.86914,75630000,16558.86914
2014-04-30,41759,16534.85938,16592.2793,16510.86914,16580.83984,92970000,16580.83984
2014-04-29,41758,16451.17969,16559.39063,16451.17969,16535.36914,71240000,16535.36914
2014-04-28,41757,16363.2002,16500.36914,16312.66016,16448.74023,105510000,16448.74023
2014-04-25,41754,16503.25977,16503.25977,16333.78027,16361.45996,90630000,16361.45996
2014-04-24,41753,16503.39063,16541.25977,16452.30078,16501.65039,80340000,16501.65039
2014-04-23,41752,16513.73047,16525.99023,16477.2793,16501.65039,76830000,16501.65039
2014-04-22,41751,16449.38086,16565.71094,16449.38086,16514.36914,84830000,16514.36914
2014-04-21,41750,16408.91992,16459.7793,16402.08008,16449.25,79500000,16449.25
2014-04-17,41746,16424.14063,16460.49023,16368.13965,16408.53906,136190000,16408.53906
2014-04-16,41745,16266.23047,16424.84961,16266.23047,16424.84961,94650000,16424.84961
2014-04-15,41744,16173.49023,16272.9502,16063.2002,16262.55957,97850000,16262.55957
2014-04-14,41743,16028.29004,16184.75977,16028.29004,16173.24023,90020000,16173.24023
2014-04-11,41740,16168.87012,16168.87012,16015.32031,16026.75,119550000,16026.75
2014-04-10,41739,16437.24023,16456.11914,16153.33984,16170.21973,112550000,16170.21973
2014-04-09,41738,16256.37012,16438.82031,16256.37012,16437.17969,91550000,16437.17969
2014-04-08,41737,16245.16016,16296.86035,16180.28027,16256.13965,98510000,16256.13965
2014-04-07,41736,16414.15039,16421.38086,16244.00977,16245.87012,116540000,16245.87012
2014-04-04,41733,16576.01953,16631.63086,16392.76953,16412.71094,104350000,16412.71094
2014-04-03,41732,16572.35938,16604.15039,16527.59961,16572.55078,77220000,16572.55078
2014-04-02,41731,16532.80078,16588.18945,16506.59961,16573,78120000,16573
2014-04-01,41730,16458.05078,16565.73047,16457.59961,16532.60938,88010000,16532.60938
2014-03-31,41729,16324.21973,16480.84961,16324.21973,16457.66016,104510000,16457.66016
2014-03-28,41726,16267.76953,16414.85938,16267.76953,16323.05957,86370000,16323.05957
2014-03-27,41725,16268.66992,16300.94043,16191.79004,16264.23047,93650000,16264.23047
2014-03-26,41724,16370.70996,16466.03906,16268.99023,16268.99023,92770000,16268.99023
2014-03-25,41723,16279.2002,16407.17969,16279.2002,16367.87988,89110000,16367.87988
2014-03-24,41722,16303.28027,16380.50977,16215.55957,16276.69043,110620000,16276.69043
2014-03-21,41719,16332.69043,16456.44922,16290.79004,16302.76953,353670000,16302.76953
2014-03-20,41718,16221.98047,16353.98047,16160.33008,16331.04981,91530000,16331.04981
2014-03-19,41717,16335.70996,16363.32031,16126.29004,16222.16992,90110000,16222.16992
2014-03-18,41716,16245.92969,16369.94043,16245.92969,16336.19043,79140000,16336.19043
2014-03-17,41715,16066.37012,16270.33984,16066.37012,16247.21973,88930000,16247.21973
2014-03-14,41712,16106.32031,16165.04981,16046.99023,16065.66992,85660000,16065.66992
2014-03-13,41711,16341.54981,16405.07031,16084.09961,16108.88965,86160000,16108.88965
2014-03-12,41710,16350.66992,16364.74023,16260.03027,16340.08008,77900000,16340.08008
2014-03-11,41709,16419.39063,16460.33008,16325.16992,16351.25,78150000,16351.25
2014-03-10,41708,16453.09961,16453.09961,16334.2002,16418.67969,68210000,16418.67969
2014-03-07,41705,16424.5293,16505.69922,16398.85938,16452.7207,80690000,16452.7207
2014-03-06,41704,16360.55957,16450.16992,16360.55957,16421.89063,75900000,16421.89063
2014-03-05,41703,16395.88086,16406.55078,16343.95996,16360.17969,73980000,16360.17969
2014-03-04,41702,16169.32031,16419.49023,16169.32031,16395.88086,96120000,16395.88086
2014-03-03,41701,16321.70996,16321.70996,16071.25,16168.03027,92760000,16168.03027
2014-02-28,41698,16273.23047,16398.94922,16226.08984,16321.70996,122110000,16321.70996
2014-02-27,41697,16197.7002,16276.28027,16159.80957,16272.65039,97640000,16272.65039
2014-02-26,41696,16180.36035,16252.34961,16155.86035,16198.41016,93980000,16198.41016
2014-02-25,41695,16207.33984,16254.25977,16147.25,16179.66016,99470000,16179.66016
2014-02-24,41694,16102.26953,16300.04004,16102.26953,16207.13965,244580000,16207.13965
2014-02-21,41691,16135.91992,16191.91992,16093.79981,16103.29981,126580000,16103.29981
2014-02-20,41690,16044.15039,16161.63965,16006.58984,16133.23047,77720000,16133.23047
2014-02-19,41689,16126.23047,16225.71973,16031.66016,16040.55957,80560000,16040.55957
2014-02-18,41688,16153.96973,16167.33008,16107.04004,16130.40039,91250000,16130.40039
2014-02-14,41684,16018.08008,16175.54981,15985.38965,16154.38965,84060000,16154.38965
2014-02-13,41683,15946.99023,16039.37012,15863.25,16027.58984,99470000,16027.58984
2014-02-12,41682,15993.04004,16036.55957,15928.75,15963.94043,77310000,15963.94043
2014-02-11,41681,15804.16992,16027.19043,15803.40039,15994.76953,95930000,15994.76953
2014-02-10,41680,15793.62988,15801.79004,15733.69043,15801.79004,84110000,15801.79004
2014-02-07,41677,15630.63965,15798.50977,15625.53027,15794.08008,105780000,15794.08008
2014-02-06,41676,15443.83008,15632.08984,15443,15628.53027,106980000,15628.53027
2014-02-05,41675,15443,15478.20996,15340.69043,15440.23047,105130000,15440.23047
2014-02-04,41674,15372.92969,15481.84961,15356.62012,15445.24023,124110000,15445.24023
2014-02-03,41673,15697.69043,15708.54004,15356.16992,15372.79981,151050000,15372.79981
2014-01-31,41670,15847.19043,15847.19043,15617.54981,15698.84961,137090000,15698.84961
2014-01-30,41669,15743.03027,15907.53027,15733.26953,15848.61035,92100000,15848.61035
2014-01-29,41668,15927.08008,15927.08008,15708.98047,15738.79004,109590000,15738.79004
2014-01-28,41667,15840.83984,15945.88965,15840.83984,15928.55957,89110000,15928.55957
2014-01-27,41666,15879.04981,15942.76953,15783.54981,15837.87988,127540000,15837.87988
2014-01-24,41663,16203.29004,16203.29004,15879.11035,15879.11035,141450000,15879.11035
2014-01-23,41662,16371.99023,16372.95996,16140.58008,16197.34961,100540000,16197.34961
2014-01-22,41661,16420.48047,16453.49023,16332.98047,16373.33984,87470000,16373.33984
2014-01-21,41660,16459.26953,16520.59961,16316.25,16414.43945,111570000,16414.43945
2014-01-17,41656,16408.01953,16495.25977,16378.79981,16458.56055,184970000,16458.56055
2014-01-16,41655,16477.69922,16477.69922,16375.55957,16417.00977,87370000,16417.00977
2014-01-15,41654,16378.03027,16505.2793,16376.78027,16481.93945,101130000,16481.93945
2014-01-14,41653,16261.99023,16373.91992,16260.83008,16373.86035,98610000,16373.86035
2014-01-13,41652,16434.0293,16453.13086,16240.59961,16257.94043,111680000,16257.94043
2014-01-10,41649,16453.61914,16487.65039,16379.01953,16437.05078,85190000,16437.05078
2014-01-09,41648,16471.41016,16525.34961,16378.61035,16444.75977,83990000,16444.75977
2014-01-08,41647,16527.66016,16528.88086,16416.68945,16462.74023,103260000,16462.74023
2014-01-07,41646,16429.01953,16562.32031,16429.01953,16530.93945,81270000,16530.93945
2014-01-06,41645,16474.03906,16532.99023,16405.51953,16425.09961,89380000,16425.09961
2014-01-03,41642,16456.89063,16518.74023,16439.30078,16469.99023,72770000,16469.99023
2014-01-02,41641,16572.16992,16573.07031,16416.49023,16441.34961,80960000,16441.34961
2013-12-31,41639,16512.38086,16588.25,16511.48047,16576.66016,78760000,16576.66016
2013-12-30,41638,16484.50977,16504.34961,16476.86914,16504.28906,54220000,16504.28906
2013-12-27,41635,16486.36914,16529.00977,16461.23047,16478.41016,47230000,16478.41016
2013-12-26,41634,16370.96973,16483,16370.96973,16479.88086,50160000,16479.88086
2013-12-24,41632,16295.7002,16360.59961,16295.7002,16357.54981,33640000,16357.54981
2013-12-23,41631,16225.25,16318.11035,16225.25,16294.61035,78930000,16294.61035
2013-12-20,41628,16178.57031,16287.83984,16178.57031,16221.13965,285190000,16221.13965
2013-12-19,41627,16162.50977,16194.71973,16121.54004,16179.08008,94980000,16179.08008
2013-12-18,41626,15876.57031,16173.04004,15808.91992,16167.96973,129620000,16167.96973
2013-12-17,41625,15884.05957,15917.95996,15836.4502,15875.25977,101490000,15875.25977
2013-12-16,41624,15759.59961,15930.30957,15759.59961,15884.57031,101470000,15884.57031
2013-12-13,41621,15745.66016,15792.79981,15717.91992,15755.36035,83180000,15755.36035
2013-12-12,41620,15844.82031,15845.11035,15703.79004,15739.42969,105870000,15739.42969
2013-12-11,41619,15970.75,15997.21973,15827.7002,15843.53027,107170000,15843.53027
2013-12-10,41618,16024.12012,16029.05957,15969.53027,15973.12988,79420000,15973.12988
2013-12-09,41617,16019.49023,16058.40039,16015.29004,16025.53027,91810000,16025.53027
2013-12-06,41614,15825.54981,16022.34961,15825.54981,16020.2002,98260000,16020.2002
2013-12-05,41613,15886.5,15896.19043,15809.37012,15821.50977,128080000,15821.50977
2013-12-04,41612,15910.50977,15960.36035,15791.29004,15889.76953,111180000,15889.76953
2013-12-03,41611,16004.71973,16004.71973,15859.67969,15914.62012,103910000,15914.62012
2013-12-02,41610,16087.12012,16098,15986.23047,16008.76953,92590000,16008.76953
2013-11-29,41607,16105.16016,16174.50977,16074.13965,16086.41016,69190000,16086.41016
2013-11-27,41605,16073.37012,16107.99023,16057.33984,16097.33008,65730000,16097.33008
2013-11-26,41604,16070.92969,16120.25,16070.92969,16072.79981,107450000,16072.79981
2013-11-25,41603,16072.08984,16109.62988,16055.45996,16072.54004,94040000,16072.54004
2013-11-22,41600,16008.70996,16068.78027,15976.26953,16064.76953,81000000,16064.76953
2013-11-21,41599,15908.07031,16016.04004,15908.07031,16009.99023,79000000,16009.99023
2013-11-20,41598,15971.2002,16016.84961,15865.37012,15900.82031,84350000,15900.82031
2013-11-19,41597,15974.05957,16025.84961,15943.78027,15967.03027,84570000,15967.03027
2013-11-18,41596,15962.71973,16030.28027,15942.16992,15976.01953,94860000,15976.01953
2013-11-15,41593,15876.16016,15962.98047,15875.90039,15961.7002,126460000,15961.7002
2013-11-14,41592,15806.21973,15884.99023,15798.74023,15876.21973,123860000,15876.21973
2013-11-13,41591,15739.5,15822.98047,15672,15821.62988,92450000,15821.62988
2013-11-12,41590,15773.15039,15793.37988,15708.29004,15750.66992,79260000,15750.66992
2013-11-11,41589,15759.28027,15791.4502,15737.21973,15783.09961,58860000,15783.09961
2013-11-08,41586,15591.54004,15764.29004,15579.34961,15761.78027,101200000,15761.78027
2013-11-07,41585,15751.30957,15797.67969,15586.33008,15593.98047,103860000,15593.98047
2013-11-06,41584,15628.71973,15750.29004,15628.71973,15746.87988,109200000,15746.87988
2013-11-05,41583,15631.21973,15651.88965,15522.17969,15618.21973,91890000,15618.21973
2013-11-04,41582,15621.2002,15658.90039,15588.48047,15639.12012,71200000,15639.12012
2013-11-01,41579,15558.00977,15649.40039,15543.25,15615.54981,101830000,15615.54981
2013-10-31,41578,15619.91992,15651.86035,15544.69043,15545.75,114050000,15545.75
2013-10-30,41577,15680.74023,15721,15574.51953,15618.75977,79170000,15618.75977
2013-10-29,41576,15572.20996,15683.08008,15572.20996,15680.34961,86600000,15680.34961
2013-10-28,41575,15569.19043,15599.08984,15533.48047,15568.92969,92760000,15568.92969
2013-10-25,41572,15523.71973,15570.59961,15512.95996,15570.28027,109900000,15570.28027
2013-10-24,41571,15414.87012,15528.62988,15414.12988,15509.20996,89240000,15509.20996
2013-10-23,41570,15465.33984,15465.66016,15366.19043,15413.33008,90630000,15413.33008
2013-10-22,41569,15394.21973,15518.09961,15394.21973,15467.66016,107030000,15467.66016
2013-10-21,41568,15401.32031,15410.17969,15362.66016,15392.2002,93660000,15392.2002
2013-10-18,41565,15371.70996,15412.96973,15321.80957,15399.65039,156660000,15399.65039
2013-10-17,41564,15369.45996,15376.11035,15229.01953,15371.65039,108490000,15371.65039
2013-10-16,41563,15170.7002,15374.15039,15170.7002,15373.83008,92850000,15373.83008
2013-10-15,41562,15300.29981,15301.91016,15161.33008,15168.00977,91440000,15168.00977
2013-10-14,41561,15231.33008,15309.48047,15136.37988,15301.25977,81420000,15301.25977
2013-10-11,41558,15126.51953,15237.29981,15100.12988,15237.11035,85730000,15237.11035
2013-10-10,41557,14806.38965,15126.07031,14806.38965,15126.07031,106540000,15126.07031
2013-10-09,41556,14778.19043,14852.5,14719.42969,14802.98047,103190000,14802.98047
2013-10-08,41555,14938.04004,14938.04004,14773.46973,14776.53027,102690000,14776.53027
2013-10-07,41554,15069.29981,15069.29981,14920.83008,14936.24023,79620000,14936.24023
2013-10-04,41551,14994.67969,15083.99023,14972.33008,15072.58008,75100000,15072.58008
2013-10-03,41550,15127.23047,15127.23047,14947.03027,14996.48047,91300000,14996.48047
2013-10-02,41549,15182.65039,15182.65039,15044.70996,15133.13965,86090000,15133.13965
2013-10-01,41548,15132.49023,15208.40039,15110.33984,15191.7002,82460000,15191.7002
2013-09-30,41547,15249.82031,15249.82031,15086.70996,15129.66992,122330000,15129.66992
2013-09-27,41544,15317.4502,15317.4502,15211.80957,15258.24023,95660000,15258.24023
2013-09-26,41543,15274.41992,15387.19043,15274.41992,15328.29981,79050000,15328.29981
2013-09-25,41542,15339.01953,15372.48047,15253.16016,15273.25977,81890000,15273.25977
2013-09-24,41541,15402.54004,15433.75,15327.13965,15334.58984,85430000,15334.58984
2013-09-23,41540,15452.30957,15466.9502,15368.25,15401.37988,94920000,15401.37988
2013-09-20,41537,15635.08984,15654.76953,15448.08984,15451.08984,379650000,15451.08984
2013-09-19,41536,15677.86035,15695.88965,15625.4502,15636.54981,116280000,15636.54981
2013-09-18,41535,15533.03027,15709.58008,15470.16016,15676.94043,145410000,15676.94043
2013-09-17,41534,15503.15039,15555.07031,15503.15039,15529.73047,104480000,15529.73047
2013-09-16,41533,15381.36035,15549.87012,15381.36035,15494.78027,105740000,15494.78027
2013-09-13,41530,15312.86035,15380.96973,15312.86035,15376.05957,90890000,15376.05957
2013-09-12,41529,15327.13965,15345.32031,15283.25977,15300.63965,99760000,15300.63965
2013-09-11,41528,15194.12988,15326.59961,15194.12988,15326.59961,102090000,15326.59961
2013-09-10,41527,15067.23047,15192.12988,15067.23047,15191.05957,103200000,15191.05957
2013-09-09,41526,14927.19043,15088.41016,14927.19043,15063.12012,90660000,15063.12012
2013-09-06,41523,14941.54981,15009.83984,14789.40039,14922.5,108410000,14922.5
2013-09-05,41522,14929.49023,14987.46973,14923.26953,14937.48047,101010000,14937.48047
2013-09-04,41521,14832.41992,14956.74023,14799.08984,14930.87012,122150000,14930.87012
2013-09-03,41520,14801.54981,14933.34961,14777.48047,14833.95996,142530000,14833.95996
2013-08-30,41516,14844.09961,14848.24023,14762.34961,14810.30957,135850000,14810.30957
2013-08-29,41515,14817.91016,14916.00977,14792.11035,14840.9502,93170000,14840.9502
2013-08-28,41514,14770.99023,14867.40039,14760.41016,14824.50977,104620000,14824.50977
2013-08-27,41513,14939.25,14939.25,14765.41992,14776.12988,118610000,14776.12988
2013-08-26,41512,15014.58008,15049.98047,14945.24023,14946.45996,102820000,14946.45996
2013-08-23,41509,14988.78027,15025.55957,14931.24023,15010.50977,131860000,15010.50977
2013-08-22,41508,14908.59961,14989.12012,14899,14963.74023,153490000,14963.74023
2013-08-21,41507,14993.80957,15019.7002,14880.83984,14897.54981,98340000,14897.54981
2013-08-20,41506,15011.82031,15074.91992,14992.16016,15002.99023,102340000,15002.99023
2013-08-19,41505,15076.79004,15106.38965,15005.41992,15010.74023,111660000,15010.74023
2013-08-16,41502,15112.57031,15139.76953,15054.37988,15081.46973,151620000,15081.46973
2013-08-15,41501,15332.70996,15332.70996,15094.03027,15112.19043,128340000,15112.19043
2013-08-14,41500,15447.70996,15453.08008,15316.62012,15337.66016,91030000,15337.66016
2013-08-13,41499,15420.67969,15504.13965,15342.33984,15451.00977,84790000,15451.00977
2013-08-12,41498,15415.21973,15441.75,15359.92969,15419.67969,78060000,15419.67969
2013-08-09,41495,15496.62988,15507.75977,15346.65039,15425.50977,81180000,15425.50977
2013-08-08,41494,15477.26953,15557.12012,15418.59961,15498.32031,90990000,15498.32031
2013-08-07,41493,15516.20996,15516.20996,15421.75,15470.66992,88430000,15470.66992
2013-08-06,41492,15608.44043,15608.44043,15473.40039,15518.74023,87730000,15518.74023
2013-08-05,41491,15651.98047,15655.20996,15584.83008,15612.12988,76850000,15612.12988
2013-08-02,41488,15627.55957,15658.42969,15558.67969,15658.36035,104840000,15658.36035
2013-08-01,41487,15503.84961,15650.69043,15503.84961,15628.01953,111040000,15628.01953
2013-07-31,41486,15528.57031,15634.32031,15492.95996,15499.54004,145120000,15499.54004
2013-07-30,41485,15534.49023,15593.91016,15479.12988,15520.58984,117550000,15520.58984
2013-07-29,41484,15557.13965,15557.13965,15482.26953,15521.96973,87240000,15521.96973
2013-07-26,41481,15547.84961,15560.96973,15405.16016,15558.83008,94880000,15558.83008
2013-07-25,41480,15539.16992,15560.33008,15455.58984,15555.61035,103260000,15555.61035
2013-07-24,41479,15576.69043,15602.59961,15496.83984,15542.24023,99320000,15542.24023
2013-07-23,41478,15547,15604.21973,15544.05957,15567.74023,98700000,15567.74023
2013-07-22,41477,15543.96973,15576.20996,15516.2002,15545.54981,180920000,15545.54981
2013-07-19,41474,15524.26953,15544.54981,15491.95996,15543.74023,229260000,15543.74023
2013-07-18,41473,15465.91016,15589.40039,15465.91016,15548.54004,136270000,15548.54004
2013-07-17,41472,15456.91992,15502,15438.12012,15470.51953,126240000,15470.51953
2013-07-16,41471,15485.03027,15498.16016,15415.70996,15451.84961,105970000,15451.84961
2013-07-15,41470,15459.69043,15509.48047,15455.76953,15484.25977,99430000,15484.25977
2013-07-12,41467,15460.69043,15498.38965,15410.26953,15464.29981,130140000,15464.29981
2013-07-11,41466,15298,15483.54981,15298,15460.91992,124950000,15460.91992
2013-07-10,41465,15298.03027,15348.9502,15258.88965,15291.66016,105050000,15291.66016
2013-07-09,41464,15228.45996,15320.41992,15228.45996,15300.33984,109270000,15300.33984
2013-07-08,41463,15137.21973,15262.71973,15137.21973,15224.69043,136820000,15224.69043
2013-07-05,41460,14995.45996,15137.50977,14971.2002,15135.83984,94560000,15135.83984
2013-07-03,41458,14923.73047,15025.90039,14858.92969,14988.37012,61000000,14988.37012
2013-07-02,41457,14974.95996,15049.21973,14870.50977,14932.41016,116610000,14932.41016
2013-07-01,41456,14911.59961,15083.28027,14911.59961,14974.95996,120570000,14974.95996
2013-06-28,41453,15016.58008,15034.62988,14884.79981,14909.59961,230000000,14909.59961
2013-06-27,41452,14921.28027,15075.00977,14921.28027,15024.49023,113650000,15024.49023
2013-06-26,41451,14769.99023,14938.98047,14769.67969,14910.13965,133230000,14910.13965
2013-06-25,41450,14669.69043,14812.03027,14669.69043,14760.30957,135940000,14760.30957
2013-06-24,41449,14795.79004,14795.79004,14551.26953,14659.55957,158670000,14659.55957
2013-06-21,41446,14760.62012,14858.55957,14688.42969,14799.40039,420080000,14799.40039
2013-06-20,41445,15105.50977,15105.50977,14732.03027,14758.32031,172630000,14758.32031
2013-06-19,41444,15315.46973,15322.07031,15112.11035,15112.19043,111380000,15112.19043
2013-06-18,41443,15186.29981,15340.08984,15186.29981,15318.23047,99210000,15318.23047
2013-06-17,41442,15078.70996,15261.70996,15078.70996,15179.84961,139250000,15179.84961
2013-06-14,41439,15178.08008,15205.91992,15044.79981,15070.17969,107430000,15070.17969
2013-06-13,41438,14992.54004,15202.26953,14953.4502,15176.08008,104490000,15176.08008
2013-06-12,41437,15130.38965,15241.28027,14981.20996,14995.23047,105770000,14995.23047
2013-06-11,41436,15231.37988,15251.07031,15086.08984,15122.01953,101610000,15122.01953
2013-06-10,41435,15247.80957,15300.63965,15211.25,15238.58984,94250000,15238.58984
2013-06-07,41432,15044.45996,15255.58008,15044.45996,15248.12012,137380000,15248.12012
2013-06-06,41431,14955.4502,15040.62012,14844.21973,15040.62012,140410000,15040.62012
2013-06-05,41430,15168.09961,15168.62988,14945.57031,14960.58984,141400000,14960.58984
2013-06-04,41429,15255.21973,15304.98047,15100.78027,15177.54004,134280000,15177.54004
2013-06-03,41428,15123.54981,15254.11035,15123.54981,15254.03027,147980000,15254.03027
2013-05-31,41425,15322.21973,15392.37988,15115.57031,15115.57031,208830000,15115.57031
2013-05-30,41424,15306.01953,15398.7002,15280.99023,15324.53027,121150000,15324.53027
2013-05-29,41423,15399.94043,15400.25,15229.53027,15302.79981,114020000,15302.79981
2013-05-28,41422,15307.33008,15521.49023,15307.33008,15409.38965,130680000,15409.38965
2013-05-24,41418,15290.74023,15306.70996,15199.62988,15303.09961,105660000,15303.09961
2013-05-23,41417,15300.57031,15348.41016,15180.23047,15294.5,148810000,15294.5
2013-05-22,41416,15387.12012,15542.40039,15265.95996,15307.16992,171850000,15307.16992
2013-05-21,41415,15334.96973,15434.5,15325.67969,15387.58008,122970000,15387.58008
2013-05-20,41414,15348.33008,15391.83984,15314.15039,15335.28027,116420000,15335.28027
2013-05-17,41411,15234.75,15357.40039,15234.75,15354.40039,175750000,15354.40039
2013-05-16,41410,15273.91992,15302.49023,15215.82031,15233.21973,145090000,15233.21973
2013-05-15,41409,15211.87012,15301.33984,15175.38965,15275.69043,124030000,15275.69043
2013-05-14,41408,15091.67969,15219.54981,15089.29981,15215.25,124590000,15215.25
2013-05-13,41407,15113.41992,15113.41992,15053.45996,15091.67969,94280000,15091.67969
2013-05-10,41404,15082.62012,15118.49023,15038.17969,15118.49023,98980000,15118.49023
2013-05-09,41403,15105.12012,15144.83008,15046.87012,15082.62012,97810000,15082.62012
2013-05-08,41402,15056.2002,15106.80957,15021.87012,15105.12012,113510000,15105.12012
2013-05-07,41401,14968.88965,15056.66992,14968.88965,15056.2002,117230000,15056.2002
2013-05-06,41400,14973.95996,14988.87012,14941.08984,14968.88965,116160000,14968.88965
2013-05-03,41397,14831.58008,15009.58984,14831.58008,14973.95996,119890000,14973.95996
2013-05-02,41396,14700.9502,14834.62988,14700.9502,14831.58008,91180000,14831.58008
2013-05-01,41395,14839.79981,14839.79981,14687.04981,14700.9502,112620000,14700.9502
2013-04-30,41394,14818.75,14839.79981,14734.46973,14839.79981,148250000,14839.79981
2013-04-29,41393,14712.54981,14844.95996,14712.54981,14818.75,97060000,14818.75
2013-04-26,41390,14700.79981,14743.49023,14684.82031,14712.54981,128910000,14712.54981
2013-04-25,41389,14676.29981,14768.04981,14665.4502,14700.79981,129600000,14700.79981
2013-04-24,41388,14719.45996,14747.41992,14666.54004,14676.29981,138020000,14676.29981
2013-04-23,41387,14567.16992,14721.41992,14554.29004,14719.45996,137320000,14719.45996
2013-04-22,41386,14547.50977,14588.83008,14457.59961,14567.16992,146890000,14567.16992
2013-04-19,41383,14537.13965,14553.73047,14444.03027,14547.50977,207200000,14547.50977
2013-04-18,41382,14618.58984,14650.25977,14495.29004,14537.13965,158050000,14537.13965
2013-04-17,41381,14756.78027,14756.78027,14560.80957,14618.58984,168010000,14618.58984
2013-04-16,41380,14599.2002,14761.73047,14599.2002,14756.78027,126320000,14756.78027
2013-04-15,41379,14865.05957,14865.05957,14598.58008,14599.2002,161680000,14599.2002
2013-04-12,41376,14865.13965,14865.20996,14790.57031,14865.05957,119570000,14865.05957
2013-04-11,41375,14802.24023,14887.50977,14785.36035,14865.13965,144570000,14865.13965
2013-04-10,41374,14673.45996,14826.66016,14673.45996,14802.24023,120520000,14802.24023
2013-04-09,41373,14613.48047,14716.45996,14598.5,14673.45996,128580000,14673.45996
2013-04-08,41372,14565.25,14613.48047,14497.79981,14613.48047,106680000,14613.48047
2013-04-05,41369,14606.11035,14606.11035,14434.42969,14565.25,131250000,14565.25
2013-04-04,41368,14550.34961,14625.24023,14538.71973,14606.11035,104790000,14606.11035
2013-04-03,41367,14662.00977,14683.12988,14525.36035,14550.34961,127140000,14550.34961
2013-04-02,41366,14572.84961,14684.49023,14572.84961,14662.00977,98420000,14662.00977
2013-04-01,41365,14578.54004,14605.71973,14531.48047,14572.84961,91400000,14572.84961
2013-03-28,41361,14526.16016,14585.09961,14520.86035,14578.54004,153710000,14578.54004
2013-03-27,41360,14559.65039,14559.65039,14439.54981,14526.16016,92680000,14526.16016
2013-03-26,41359,14447.75,14561.54004,14447.75,14559.65039,96030000,14559.65039
2013-03-25,41358,14512.03027,14563.75,14395,14447.75,124840000,14447.75
2013-03-22,41355,14421.49023,14519.9502,14421.49023,14512.03027,101450000,14512.03027
2013-03-21,41354,14511.73047,14511.73047,14383.01953,14421.49023,110450000,14421.49023
2013-03-20,41353,14455.82031,14546.82031,14455.82031,14511.73047,121240000,14511.73047
2013-03-19,41352,14452.05957,14514.33984,14382.08984,14455.82031,122170000,14455.82031
2013-03-18,41351,14514.11035,14521.58984,14404.20996,14452.05957,119640000,14452.05957
2013-03-15,41348,14539.13965,14539.13965,14470.5,14514.11035,407770000,14514.11035
2013-03-14,41347,14455.28027,14539.29004,14455.28027,14539.13965,117390000,14539.13965
2013-03-13,41346,14450.05957,14472.79981,14411.66016,14455.28027,83920000,14455.28027
2013-03-12,41345,14447.29004,14478.79981,14412.05957,14450.05957,102100000,14450.05957
2013-03-11,41344,14397.07031,14448.05957,14373.32031,14447.29004,94880000,14447.29004
2013-03-08,41341,14329.49023,14413.16992,14329.49023,14397.07031,115630000,14397.07031
2013-03-07,41340,14296.24023,14354.69043,14296.24023,14329.49023,117080000,14329.49023
2013-03-06,41339,14253.76953,14320.65039,14253,14296.24023,116510000,14296.24023
2013-03-05,41338,14127.82031,14286.37012,14127.82031,14253.76953,112100000,14253.76953
2013-03-04,41337,14089.66016,14128.20996,14030.37012,14127.82031,110810000,14127.82031
2013-03-01,41334,14054.49023,14107.08984,13937.59961,14089.66016,125920000,14089.66016
2013-02-28,41333,14075.37012,14149.15039,14050.17969,14054.49023,177150000,14054.49023
2013-02-27,41332,13900.12988,14104.86035,13880.19043,14075.37012,107010000,14075.37012
2013-02-26,41331,13784.16992,13918.44043,13784.16992,13900.12988,132580000,13900.12988
2013-02-25,41330,14000.57031,14081.58008,13784.00977,13784.16992,152190000,13784.16992
2013-02-22,41327,13880.62012,14001.19043,13880.62012,14000.57031,139850000,14000.57031
2013-02-21,41326,13927.54004,13927.54004,13834.40039,13880.62012,131410000,13880.62012
2013-02-20,41325,14035.66992,14058.26953,13919.28027,13927.54004,138540000,13927.54004
2013-02-19,41324,13981.75977,14044.82031,13977.90039,14035.66992,136410000,14035.66992
2013-02-15,41320,13973.38965,14001.92969,13906.73047,13981.75977,195670000,13981.75977
2013-02-14,41319,13982.91016,13990.36035,13921.94043,13973.38965,114800000,13973.38965
2013-02-13,41318,14018.7002,14029.34961,13945.78027,13982.91016,130520000,13982.91016
2013-02-12,41317,13971.24023,14038.96973,13968.94043,14018.7002,117180000,14018.7002
2013-02-11,41316,13992.96973,13992.96973,13940.41016,13971.24023,75090000,13971.24023
2013-02-08,41313,13944.04981,14022.62012,13944.04981,13992.96973,99860000,13992.96973
2013-02-07,41312,13986.51953,13988.05957,13852.2002,13944.04981,118530000,13944.04981
2013-02-06,41311,13979.29981,13991.61035,13913.17969,13986.51953,127560000,13986.51953
2013-02-05,41310,13880.08008,14013.59961,13880.08008,13979.29981,134390000,13979.29981
2013-02-04,41309,14009.79004,14009.79004,13866.83008,13880.08008,130420000,13880.08008
2013-02-01,41306,13860.58008,14019.78027,13860.58008,14009.79004,128420000,14009.79004
2013-01-31,41305,13910.41992,13941.05957,13860.58008,13860.58008,142600000,13860.58008
2013-01-30,41304,13954.41992,13966.12988,13896.9502,13910.41992,117200000,13910.41992
2013-01-29,41303,13881.92969,13969.99023,13880.00977,13954.41992,108230000,13954.41992
2013-01-28,41302,13895.98047,13915.71973,13862.57031,13881.92969,113570000,13881.92969
2013-01-25,41299,13825.33008,13895.98047,13825.33008,13895.98047,130300000,13895.98047
2013-01-24,41298,13779.33008,13879.66016,13779.33008,13825.33008,124780000,13825.33008
2013-01-23,41297,13712.20996,13794.29004,13710.12988,13779.33008,104490000,13779.33008
2013-01-22,41296,13649.7002,13712.20996,13622.95996,13712.20996,144300000,13712.20996
2013-01-18,41292,13596.01953,13649.92969,13571.86035,13649.7002,260900000,13649.7002
2013-01-17,41291,13511.23047,13633.88965,13510.24023,13596.01953,183900000,13596.01953
2013-01-16,41290,13534.88965,13534.88965,13468.95996,13511.23047,118540000,13511.23047
2013-01-15,41289,13507.32031,13546.37012,13445.79981,13534.88965,102280000,13534.88965
2013-01-14,41288,13488.42969,13520.17969,13459.83984,13507.32031,118460000,13507.32031
2013-01-11,41285,13471.4502,13496.67969,13439.96973,13488.42969,119200000,13488.42969
2013-01-10,41284,13391.82031,13478.2002,13382.29004,13471.21973,133520000,13471.21973
2013-01-09,41283,13329.91992,13416.54981,13329.08008,13390.50977,123070000,13390.50977
2013-01-08,41282,13377.41992,13377.41992,13293.12988,13328.84961,129570000,13328.84961
2013-01-07,41281,13436.12988,13436.12988,13343.32031,13384.29004,113120000,13384.29004
2013-01-04,41278,13391.04981,13447.11035,13376.23047,13435.20996,107590000,13435.20996
2013-01-03,41277,13413.00977,13430.59961,13358.29981,13391.36035,129630000,13391.36035
2013-01-02,41276,13104.29981,13412.70996,13104.29981,13412.54981,161430000,13412.54981
2012-12-31,41274,12938.19043,13109.12988,12883.88965,13104.13965,145740000,13104.13965
2012-12-28,41271,13095.08008,13095.45996,12926.86035,12938.11035,85980000,12938.11035
2012-12-27,41270,13114.96973,13141.74023,12964.08008,13096.30957,100160000,13096.30957
2012-12-26,41269,13138.84961,13174.87988,13076.87012,13114.58984,79410000,13114.58984
2012-12-24,41267,13190.15039,13190.37988,13128.54981,13138.92969,47710000,13138.92969
2012-12-21,41264,13309.9502,13309.9502,13122.53027,13190.83984,413270000,13190.83984
2012-12-20,41263,13246.66992,13314.63965,13216.03027,13311.71973,119800000,13311.71973
2012-12-19,41262,13351.04004,13357.7002,13251.74023,13251.96973,149020000,13251.96973
2012-12-18,41261,13236.61035,13365.86035,13232.58008,13350.95996,152920000,13350.95996
2012-12-17,41260,13135.16992,13244.33008,13134.62988,13235.38965,142980000,13235.38965
2012-12-14,41257,13170.79981,13190.41016,13118.45996,13135.00977,117620000,13135.00977
2012-12-13,41256,13241.37988,13264.41016,13147.19043,13170.71973,101190000,13170.71973
2012-12-12,41255,13250.04981,13329.44043,13227.44043,13245.4502,127510000,13245.4502
2012-12-11,41254,13170.33984,13306.57031,13170.33984,13248.44043,124510000,13248.44043
2012-12-10,41253,13154.88965,13195.34961,13139.08008,13169.87988,118530000,13169.87988
2012-12-07,41250,13072.87012,13157.28027,13072.87012,13155.12988,124130000,13155.12988
2012-12-06,41249,13026.19043,13076.87988,13007.83984,13074.04004,116850000,13074.04004
2012-12-05,41248,12948.95996,13089.11035,12923.44043,13034.49023,161230000,13034.49023
2012-12-04,41247,12966.4502,13022.50977,12940.07031,12951.78027,125290000,12951.78027
2012-12-03,41246,13027.73047,13087.32031,12959.41992,12965.59961,112900000,12965.59961
2012-11-30,41243,13022.04981,13053.74023,12988.67969,13025.58008,171070000,13025.58008
